base_pos_m,x0_m,input_force_N
0.0,-2.164912482613444e-14,-2.667166184092129e-12
1.1676396997497914e-05,1.0648533862648815e-05,0.0013119215231547118
2.335279399499583e-05,2.129661034349934e-05,0.002623937998368886
3.5029190992493745e-05,3.194412070460928e-05,0.003936187287828319
4.670558798999166e-05,4.259095628569901e-05,0.005248807202678572
5.838198498748957e-05,5.323700828900893e-05,0.006561935461067686
7.005838198498749e-05,6.388216771459783e-05,0.007875709664683702
8.17347789824854e-05,7.452632548910482e-05,0.009190267299136516
9.341117597998332e-05,8.516937247628694e-05,0.010505745719768568
0.00010508757297748124,9.581119962720922e-05,0.011822282154752782
0.00011676396997497914,0.00010645169785659878,0.013140013674378464
0.00012844036697247705,0.00011709075790426766,0.014459077158404707
0.00014011676396997498,0.00012772827048916613,0.015779609299634702
0.0001517931609674729,0.00013836412631979916,0.01710174658976244
0.0001634695579649708,0.00014899821622939367,0.018425625320785226
0.00017514595496246873,0.00015963043109986898,0.019751381560240387
0.00018682235195996663,0.00017026066167324784,0.021079151112313916
0.00019849874895746454,0.00018088879872180179,0.022409069523644874
0.00021017514595496247,0.0001915147330589186,0.023741272069384152
0.00022185154295246038,0.00020213835567163736,0.025075893754597924
0.00023352793994995828,0.00021275955765651764,0.026413069291134943
0.0002452043369474562,0.0002233782300146031,0.027752933056641154
0.0002568807339449541,0.00023399426382739047,0.029095619101494503
0.00026855713094245203,0.0002446075502678124,0.03044126113513573
0.00028023352793994996,0.00025521798074575584,0.031789992529588064
0.00029190992493744784,0.00026582544681136717,0.03314194629241324
0.0003035863219349458,0.0002764298399741245,0.034497255028755065
0.0003152627189324437,0.00028703105187375994,0.035856050948200456
0.0003269391159299416,0.00029762897429064814,0.037218465851390915
0.0003386155129274395,0.0003082234993239544,0.03858463113838548
0.00035029190992493745,0.00031881451920156304,0.039954677769819785
0.00036196830692243533,0.00032940192618406266,0.04132873623990216
0.00037364470391993326,0.0003399856127098634,0.042706936580670214
0.0003853211009174312,0.00035056547141290757,0.04408940835000923
0.0003969974979149291,0.00036114139532941606,0.04547628064462957
0.000408673894912427,0.00037171327758213937,0.04686768204482881
0.00042035029190992494,0.00038228101141559497,0.048263740604885266
0.0004320266889074228,0.0003928444902972158,0.04966458385237569
0.00044370308590492075,0.0004034036079653688,0.05107033878078959
0.0004553794829024187,0.00041395825860517663,0.05248113185950535
0.00046705587989991657,0.0004245083364510096,0.053897088967340946
0.0004787322768974145,0.0004350537359525831,0.05531833540100468
0.0004904086738949124,0.0004455943518252196,0.056744995868468345
0.0005020850708924103,0.0004561300791763424,0.05817719449299407
0.0005137614678899082,0.00046666081349466354,0.05961505479893406
0.0005254378648874062,0.00047718645035046877,0.0610586996579018
0.0005371142618849041,0.0004877068856074769,0.06250825130457469
0.0005487906588824019,0.0004982220154481888,0.06396383132750856
0.0005604670558798999,0.0005087317366010109,0.06542556068829228
0.0005721434528773978,0.0005192359459664778,0.06689355965755743
0.0005838198498748957,0.0005297345406818642,0.06836794781131801
0.0005954962468723937,0.0005402274182201622,0.06984884403253266
0.0006071726438698915,0.0005507144765153714,0.07133636651693342
0.0006188490408673894,0.0005611956139757672,0.07283063276351162
0.0006305254378648874,0.0005716707291368681,0.0743317595134434
0.0006422018348623853,0.0005821397208911979,0.07583986277089648
0.0006538782318598832,0.0005926024885372586,0.07735505779872666
0.0006655546288573812,0.00060305893199951,0.07887745913949787
0.000677231025854879,0.0006135089513687184,0.08040718053793024
0.0006889074228523769,0.0006239524470651463,0.08194433495322406
0.0007005838198498749,0.0006343893199101595,0.083489034558687
0.0007122602168473728,0.0006448194713728929,0.0850413907679717
0.0007239366138448707,0.0006552428032265218,0.0866015141740888
0.0007356130108423686,0.0006656592175193026,0.08816951453434646
0.0007472894078398665,0.0006760686167194533,0.08974550078165273
0.0007589658048373644,0.0006864709039174263,0.09132958104546957
0.0007706422018348624,0.0006968659826580112,0.09292186261713514
0.0007823185988323603,0.000707253756709693,0.09452245190474902
0.0007939949958298582,0.0007176341302824341,0.09613145445664167
0.0008056713928273561,0.0007280070082040947,0.09774897497970834
0.000817347789824854,0.0007383722958433,0.09937511731899773
0.0008290241868223519,0.0007487298987748719,0.10100998439627872
0.0008407005838198499,0.0007590797230323185,0.10265367824033003
0.0008523769808173478,0.00076942167529743,0.10430630000875289
0.0008640533778148456,0.0007797556628076766,0.10596794996555878
0.0008757297748123436,0.0007900815930170985,0.10763872741836843
0.0008874061718098415,0.0008003993738562357,0.10931873075153646
0.0008990825688073394,0.0008107089139742376,0.11100805745807542
0.0009107589658048374,0.0008210101225079963,0.11270680409501974
0.0009224353628023353,0.0008313029088562654,0.1144150662383408
0.0009341117597998331,0.000841587182921148,0.11613293851488263
0.0009457881567973311,0.0008518628554140068,0.1178605146468552
0.000957464553794829,0.0008621298373905547,0.11959788736765094
0.0009691409507923269,0.0008723880402553069,0.12134514841497211
0.0009808173477898249,0.000882637375977305,0.1231023885604631
0.0009924937447873226,0.0008928777573613291,0.12486969765055383
0.0010041701417848206,0.0009031090974215255,0.1266471644928965
0.0010158465387823186,0.0009133313096189167,0.12843487689023064
0.0010275229357798164,0.0009235443081190259,0.13023292167958345
0.0010391993327773144,0.0009337480077636602,0.1320413847226221
0.0010508757297748124,0.0009439423235940605,0.1338603508156794
0.0010625521267723101,0.0009541271711925444,0.13568990374402753
0.0010742285237698081,0.0009643024670353651,0.13753012634079922
0.001085904920767306,0.0009744681278906226,0.13938110037421975
0.0010975813177648039,0.0009846240709188796,0.1412429065598198
0.0011092577147623019,0.0009947702140008972,0.14311562461559182
0.0011209341117597998,0.001004906475746516,0.14499933326032355
0.0011326105087572976,0.001015032774943606,0.14689411010706233
0.0011442869057547956,0.0010251490309570988,0.1488000317321106
0.0011559633027522936,0.0010352551640852431,0.15071717373910326
0.0011676396997497914,0.0010453510948387136,0.15264561061960719
0.0011793160967472893,0.0010554367441688872,0.15458541579139545
0.0011909924937447873,0.0010655120339228288,0.15653666168271693
0.001202668890742285,0.0010755768864058914,0.15849941964576592
0.001214345287739783,0.0010856312242103474,0.16047375991922155
0.001226021684737281,0.0010956749706908615,0.1624597517178667
0.0012376980817347789,0.0011057080499498298,0.16445746322833657
0.0012493744787322768,0.0011157303862383945,0.16646696148737916
0.0012610508757297748,0.0011257419044777808,0.1684883124822321
0.0012727272727272726,0.0011357425304926298,0.1705215811967697
0.0012844036697247706,0.0011457321902203649,0.172566831449447
0.0012960800667222686,0.0011557108101906892,0.17462412598741364
0.0013077564637197663,0.001165678317909562,0.17669352656498116
0.0013194328607172643,0.0011756346410047565,0.17877509376579626
0.0013311092577147623,0.0011855797076401372,0.18086888708574259
0.00134278565471226,0.0011955134469886165,0.1829749650320933
0.001354462051709758,0.0012054357883538192,0.18509338493754154
0.001366138448707256,0.0012153466615503821,0.18722420303808662
0.0013778148457047538,0.0012252459974164218,0.18936747458317374
0.0013894912427022518,0.0012351337269054363,0.1915232536398641
0.0014011676396997498,0.0012450097814978,0.19369159317960555
0.0014128440366972476,0.0012548740936932149,0.19587254518685854
0.0014245204336947456,0.0012647265960649572,0.1980661604511387
0.0014361968306922436,0.0012745672217801412,0.20027248868023165
0.0014478732276897413,0.0012843959049795837,0.20249157858659314
0.0014595496246872393,0.0012942125798297468,0.20472347767454926
0.0014712260216847373,0.0013040171812194294,0.20696823239650777
0.001482902418682235,0.001313809644877806,0.20922588818207158
0.001494578815679733,0.0013235899065492805,0.21149648924873815
0.001506255212677231,0.00133335790290134,0.21378007881128738
0.0015179316096747288,0.0013431135711506205,0.21607669899734677
0.0015296080066722268,0.0013528568486522554,0.21838639075072427
0.0015412844036697248,0.0013625876738539158,0.22070919405769598
0.0015529608006672226,0.0013723059853803093,0.22304514773197354
0.0015646371976647205,0.0013820117222867855,0.2253942894746332
0.0015763135946622185,0.0013917048246685233,0.22775665602365766
0.0015879899916597163,0.0014013852325709913,0.23013228289147034
0.0015996663886572143,0.001411052886864181,0.23252120457847192
0.0016113427856547123,0.0014207077290659645,0.2349234545332416
0.00162301918265221,0.0014303497007472476,0.2373390650059516
0.001634695579649708,0.0014399787446097235,0.23976806731912845
0.001646371976647206,0.001449594803410595,0.24221049160099692
0.0016580483736447038,0.001459197820485789,0.24466636691795093
0.0016697247706422018,0.0014687877400437965,0.24713572135333964
0.0016814011676396998,0.0014783645062072708,0.24961858176374693
0.0016930775646371975,0.001487928064217671,0.2521149740917697
0.0017047539616346955,0.001497478359415864,0.2546249231052539
0.0017164303586321935,0.0015070153376658866,0.2571484525089157
0.0017281067556296913,0.0015165389457014262,0.25968558503996375
0.0017397831526271893,0.0015260491301530112,0.26223634221255676
0.0017514595496246873,0.0015355458387990956,0.2648007446543514
0.001763135946622185,0.0015450290193870643,0.2673788117939596
0.001774812343619683,0.0015544986203765304,0.26997056206349057
0.001786488740617181,0.0015639545908413275,0.27257601287678457
0.0017981651376146788,0.0015733968799118774,0.27519518047878383
0.0018098415346121768,0.0015828254378214893,0.2778280802381778
0.0018215179316096747,0.001592240214600537,0.28047472628844267
0.0018331943286071725,0.0016016411613605246,0.2831351318896877
0.0018448707256046705,0.0016110282292563533,0.2858093091414529
0.0018565471226021685,0.0016204013700621682,0.2884972691481416
0.0018682235195996663,0.0016297605361601571,0.2911990220210581
0.0018798999165971643,0.001639105680000611,0.29391457672629573
0.0018915763135946622,0.0016484367550651249,0.2966439413676346
0.00190325271059216,0.0016577537146176117,0.2993871228271798
0.001914929107589658,0.0016670565130683637,0.3021441271685902
0.001926605504587156,0.0016763451046171616,0.3049149592419294
0.0019382819015846538,0.0016856194444745257,0.3076996230494104
0.0019499582985821517,0.0016948794878578737,0.3104981214508992
0.0019616346955796497,0.0017041251906870657,0.3133104563763072
0.0019733110925771475,0.0017133565092341157,0.31613662872506254
0.0019849874895746453,0.001722573400097416,0.3189766383618459
0.0019966638865721435,0.001731775820570843,0.32183048423495775
0.0020083402835696412,0.0017409637279721783,0.324698164173335
0.002020016680567139,0.0017501370805346438,0.32757967516817404
0.0020316930775646372,0.0017592958363384546,0.33047501304378846
0.002043369474562135,0.001768439954494156,0.33338417283432475
0.0020550458715596328,0.0017775693938674672,0.33630714838526904
0.002066722268557131,0.001786684114402191,0.33924393277928155
0.0020783986655546287,0.0017957840757565429,0.34219451790440997
0.0020900750625521265,0.0018048692386770035,0.3451588949017131
0.0021017514595496247,0.0018139395636096259,0.3481370537199461
0.0021134278565471225,0.0018229950120820814,0.3511289835715195
0.0021251042535446203,0.0018320355453163753,0.35413467248204983
0.0021367806505421185,0.001841061125604626,0.3571541077500002
0.0021484570475396162,0.0018500717149300134,0.36018727549331686
0.002160133444537114,0.0018590672763328076,0.36323416111157025
0.002171809841534612,0.0018680477725439828,0.36629474883120394
0.00218348623853211,0.0018770131673318824,0.3693690221668483
0.0021951626355296077,0.0018859634241675278,0.37245696347176116
0.002206839032527106,0.0018948985075193073,0.37555855438695873
0.0022185154295246037,0.001903818381600325,0.37867377541449426
0.0022301918265221015,0.0019127230115389235,0.38180260632887475
0.0022418682235195997,0.0019216123623062094,0.3849450258081803
0.0022535446205170975,0.001930486399634291,0.38810101176163725
0.0022652210175145952,0.0019393450892861046,0.3912705410774853
0.0022768974145120934,0.0019481883975254466,0.39445358979480766
0.002288573811509591,0.0019570162909502797,0.3976501330502404
0.002300250208507089,0.001965828736302791,0.40086014501409745
0.002311926605504587,0.001974625700989961,0.4040835990852062
0.002323603002502085,0.0019834071522610635,0.40732046759606333
0.0023352793994995827,0.001992173058248405,0.4105707222001945
0.002346955796497081,0.0020009233867797965,0.41383433343968856
0.0023586321934945787,0.0020096581065915213,0.4171112712003998
0.0023703085904920765,0.002018377186197229,0.42040150429603723
0.0023819849874895747,0.002027080594780291,0.42370500080763995
0.0023936613844870724,0.0020357683016803377,0.4270217278966567
0.00240533778148457,0.0020444402764035986,0.4303516518129825
0.0024170141784820684,0.0020530964890945933,0.433694738081864
0.002428690575479566,0.0020617369096649564,0.43705095117404624
0.002440366972477064,0.002070361508873483,0.4404202549287667
0.002452043369474562,0.0020789702572456825,0.44380261213998773
0.00246371976647206,0.002087563125902737,0.44719798488480733
0.0024753961634695577,0.002096140086199921,0.4506063343886111
0.002487072560467056,0.0021047011094833495,0.454027620932831
0.0024987489574645537,0.0021132461678238586,0.4574618041532536
0.0025104253544620514,0.0021217752330205592,0.46090884264704457
0.0025221017514595497,0.00213028827753356,0.46436869435252326
0.0025337781484570474,0.0021387852739440235,0.46784131633812914
0.002545454545454545,0.0021472661948720596,0.47132666477275337
0.0025571309424520434,0.002155731013599202,0.4748246951869441
0.002568807339449541,0.002164179703160164,0.47833536210487476
0.002580483736447039,0.002172612237150037,0.48185861938259383
0.002592160133444537,0.0021810285893896822,0.485394420076408
0.002603836530442035,0.002189428733593916,0.4889427163078845
0.0026155129274395327,0.002197812644142489,0.4925034595939463
0.002627189324437031,0.002206180295308915,0.4960766005273502
0.0026388657214345287,0.0022145316616107775,0.49966208892930686
0.0026505421184320264,0.0022228667180372226,0.5032598739538343
0.0026622185154295246,0.002231185439365299,0.5068699037988438
0.0026738949124270224,0.0022394878008550802,0.5104921260108896
0.00268557130942452,0.0022477737780184246,0.5141264873922406
0.0026972477064220184,0.0022560433461991155,0.517772933821376
0.002708924103419516,0.0022642964812863912,0.5214314105713572
0.002720600500417014,0.00227253315928967,0.5251018621294279
0.002732276897414512,0.0022807533561204517,0.5287842321037243
0.00274395329441201,0.0022889570482179512,0.532478463507876
0.0027556296914095077,0.002297144212080196,0.5361844985577039
0.002767306088407006,0.0023053148241494225,0.5399022786229644
0.0027789824854045036,0.0023134688613575503,0.5436317444801732
0.0027906588824020014,0.002321606300687128,0.5473728361193957
0.0028023352793994996,0.002329727119059155,0.5511254926962739
0.0028140116763969974,0.002337831293851288,0.554889652776022
0.002825688073394495,0.0023459188025206673,0.5586652541657577
0.0028373644703919934,0.0023539896224218084,0.5624522338332408
0.002849040867389491,0.0023620437313304856,0.566250528156824
0.002860717264386989,0.0023700811071526067,0.5700600727956355
0.002872393661384487,0.002378101727658062,0.573880802567552
0.002884070058381985,0.002386105570962146,0.5777126516821791
0.0028957464553794826,0.002394092615368391,0.5815555536727239
0.002907422852376981,0.0024020628390901662,0.5854094412668851
0.0029190992493744786,0.002410016220503035,0.5892742465123
0.0029307756463719764,0.0024179527382473527,0.5931499008323293
0.0029424520433694746,0.0024258723709988483,0.5970363349200127
0.0029541284403669724,0.0024337750973576883,0.6009334786873055
0.00296580483736447,0.002441660896242705,0.6048412614636675
0.0029774812343619683,0.0024495297466841552,0.6087596119001406
0.002989157631359466,0.002457381627640372,0.6126884578824273
0.003000834028356964,0.0024652165181819666,0.6166277266265774
0.003012510425354462,0.0024730343975984297,0.6205773447380597
0.00302418682235196,0.0024808352452410833,0.624537238138241
0.0030358632193494576,0.0024886190403595214,0.628507331985281
0.003047539616346956,0.0024963857624011104,0.632487550830519
0.0030592160133444536,0.0025041353909437077,0.6364778185899418
0.0030708924103419514,0.002511867905608539,0.6404780585043924
0.0030825688073394496,0.002519583285921883,0.6444881930718596
0.0030942452043369473,0.0025272815115957685,0.6485081441970731
0.003105921601334445,0.0025349625624386278,0.6525378331506262
0.0031175979983319433,0.002542626418298567,0.6565771805440404
0.003129274395329441,0.0025502730589363394,0.6606261062667044
0.003140950792326939,0.002557902464236508,0.6646845296012753
0.003152627189324437,0.002565514614180334,0.6687523692145682
0.003164303586321935,0.0025731094887798647,0.6728295431271774
0.0031759799833194326,0.0025806870680150644,0.6769159686837991
0.003187656380316931,0.0025882473318467225,0.681011562563774
0.0031993327773144286,0.0025957902603687432,0.6851162408678614
0.0032110091743119264,0.0026033158336941716,0.6892299190613812
0.0032226855713094246,0.002610824031948081,0.6933525119745026
0.0032343619683069223,0.0026183148351797345,0.6974839337578194
0.00324603836530442,0.0026257882234861176,0.7016240979539955
0.0032577147623019183,0.002633244177023535,0.7057729175088192
0.003269391159299416,0.0026406826759473746,0.709930304742205
0.003281067556296914,0.002648103700408582,0.714096171350219
0.003292743953294412,0.0026555072304888243,0.7182704283724284
0.00330442035029191,0.0026628932462734417,0.7224529862364881
0.0033160967472894076,0.0026702617278891046,0.7266437547837086
0.003327773144286906,0.0026776126554439116,0.7308426432393387
0.0033394495412844036,0.00268494600902392,0.7350495602144175
0.0033511259382819013,0.002692261768681066,0.7392644137026163
0.0033628023352793995,0.0026995599143822884,0.7434871110544128
0.0033744787322768973,0.002706840426119979,0.7477175590444689
0.003386155129274395,0.0027141032838650307,0.7519556638485997
0.0033978315262718933,0.0027213484675485213,0.7562013310368858
0.003409507923269391,0.002728575957058209,0.7604544655752479
0.003421184320266889,0.002735785732234452,0.7647149718266468
0.003432860717264387,0.0027429777728287578,0.7689827535300053
0.003444537114261885,0.0027501520585586736,0.7732577138360572
0.0034562135112593826,0.0027573085691098326,0.7775397553123303
0.0034678899082568808,0.0027644472841066147,0.7818287799292771
0.0034795663052543785,0.002771568183108597,0.7861246890615722
0.0034912427022518763,0.002778671245607002,0.7904273834893633
0.0035029190992493745,0.002785756451021135,0.7947367633994733
0.0035145954962468723,0.002792823778683216,0.7990527283794622
0.00352627189324437,0.002799873207832076,0.8033751774169139
0.0035379482902418683,0.002806904717653205,0.8077040089272401
0.003549624687239366,0.002813918287246916,0.8120391207375611
0.003561301084236864,0.0028209138956233723,0.8163804100868353
0.003572977481234362,0.0028278915216989726,0.8207277736267675
0.0035846538782318598,0.0028348511442927143,0.8250811074226665
0.0035963302752293575,0.0028417927421225523,0.8294403069542529
0.0036080066722268558,0.002848716293801746,0.8338052671164168
0.0036196830692243535,0.002855621777833545,0.8381758822188831
0.0036313594662218513,0.002862509172596606,0.8425520459799011
0.0036430358632193495,0.0028693784563671733,0.8469336515432347
0.0036547122602168473,0.0028762296073057353,0.8513205914726945
0.003666388657214345,0.0028830626034494194,0.8557127577501827
0.0036780650542118432,0.0028898774227082433,0.8601100417761324
0.003689741451209341,0.002896674042861378,0.8645123343699059
0.0037014178482068388,0.0029034524415533884,0.8689195257701438
0.003713094245204337,0.002910212596290458,0.8733315056350527
0.0037247706422018348,0.0029169544844365966,0.8777481630426452
0.0037364470391993325,0.002923678083209834,0.8821693864909257
0.0037481234361968307,0.0029303833696784107,0.8865950638980286
0.0037597998331943285,0.002937070320756914,0.8910250826022837
0.0037714762301918263,0.002943738913202434,0.8954593293622486
0.0037831526271893245,0.00295038912361069,0.8998976903566762
0.0037948290241868222,0.0029570209284121383,0.9043400511844334
0.00380650542118432,0.002963634303867436,0.908786296863941
0.0038181818181818182,0.0029702292260633807,0.9132363118328805
0.003829858215179316,0.0029768056709117163,0.9176899799498054
0.0038415346121768138,0.002983363614143155,0.9221471844924962
0.003853211009174312,0.0029899030313032746,0.9266078081575152
0.0038648874061718097,0.002996423897748504,0.9310717330597887
0.0038765638031693075,0.0030029261886420945,0.9355388407321333
0.0038882402001668057,0.0030094098789500683,0.940009012124724
0.0038999165971643035,0.0030158749434371513,0.9444821276045089
0.003911592994161802,0.003022321356662664,0.9489580669545595
0.0039232693911592995,0.003028749092976402,0.9534367093733667
0.003934945788156797,0.003035158126514502,0.9579179334740832
0.003946622185154295,0.0030415484311952486,0.9624016172836921
0.003958298582151793,0.003047919980714906,0.9668876382421433
0.0039699749791492905,0.003054272748543465,0.9713758732013961
0.003981651376146789,0.003060606707920423,0.9758661984244364
0.003993327773144287,0.0030669218318504802,0.9803584895842046
0.004005004170141785,0.003073218093099254,0.984852621762485
0.0040166805671392825,0.0030794954641889436,0.9893484694487276
0.00402835696413678,0.0030857539173939534,0.9938459065387948
0.004040033361134278,0.003091993424736556,0.9983448063337026
0.004051709758131777,0.003098213957983692,1.0028450415391394
0.0040633861551292744,0.0031044154886408644,1.0073464842628552
0.004075062552126772,0.0031105979879474973,1.0118490060130574
0.00408673894912427,0.0031167614268729333,1.0163524776972266
0.004098415346121768,0.0031229057761118875,1.0208567696205095
0.0041100917431192655,0.0031290310060798545,1.0253617514840312
0.004121768140116764,0.0031351370869084727,1.0298672923831436
0.004133444537114262,0.0031412239884408663,1.0343732608056135
0.00414512093411176,0.0031472916802269464,1.0388795246297478
0.0041567973311092575,0.003153340131518685,1.0433859511224548
0.004168473728106755,0.0031593693112653243,1.0478924069372237
0.004180150125104253,0.003165379188108568,1.0523987581120535
0.004191826522101752,0.003171369730377739,1.056904870067313
0.004203502919099249,0.003177340906084891,1.0614106076035394
0.004215179316096747,0.0031832926829198525,1.065915834899137
0.004226855713094245,0.003189225028247188,1.0704204155095105
0.004238532110091743,0.003195137909101651,1.0749242123650282
0.0042502085070892405,0.003201031292176344,1.079427087763379
0.004261884904086739,0.0032069051438216867,1.0839289033700965
0.004273561301084237,0.003212759430040452,1.0884295202160765
0.004285237698081735,0.003218594116482554,1.0929287986948657
0.0042969140950792324,0.0032244091684397935,1.0974265985598934
0.00430859049207673,0.003230204550840562,1.1019227789216237
0.004320266889074228,0.0032359802282444857,1.1064171982446416
0.004331943286071727,0.0032417361648383876,1.1109097143457194
0.004343619683069224,0.0032474723244318017,1.1154001843915315
0.004355296080066722,0.0032531886704444267,1.1198884648900038
0.00436697247706422,0.0032588851659047548,1.1243744116903458
0.004378648874061718,0.0032645617734447787,1.128857879980013
0.0043903252710592155,0.00327021845529432,1.1333387242813333
0.004402001668056714,0.0032758551732752833,1.1378167984480454
0.004413678065054212,0.003281471888796093,1.1422919556619582
0.00442535446205171,0.003287068562845507,1.1467640484290713
0.004437030859049207,0.0032926451559843178,1.151232928573979
0.004448707256046705,0.003298201628341397,1.1556984472376959
0.004460383653044203,0.0033037379396078665,1.1601604548739723
0.004472060050041702,0.0033092540490309874,1.1646188012453607
0.004483736447039199,0.003314749915407108,1.1690733354184806
0.004495412844036697,0.0033202254970708485,1.173523905756185
0.004507089241034195,0.0033256807518959692,1.1779703599191746
0.004518765638031693,0.0033311156372875543,1.1824125448605702
0.0045304420350291905,0.0033365301101749303,1.1868503068210436
0.004542118432026689,0.00334192412700484,1.1912834913241257
0.004553794829024187,0.003347297643723019,1.195711943161911
0.004565471226021685,0.003352650615781566,1.2001355064019246
0.004577147623019182,0.003357982998134967,1.2045540243847357
0.00458882402001668,0.0033632947452281615,1.2089673397149707
0.004600500417014178,0.0033685858109875,1.2133752942546372
0.004612176814011677,0.003373856148792615,1.217777729100438
0.004623853211009174,0.0033791057115048545,1.2221744846082143
0.004635529608006672,0.0033843344514533358,1.2265654003822115
0.00464720600500417,0.0033895423204216945,1.2309503152648078
0.004658882402001668,0.003394729269618866,1.2353290673126553
0.0046705587989991654,0.003399895249681395,1.2397014937992323
0.004682235195996664,0.003405040210702819,1.2440674312404991
0.004693911592994162,0.003410164102200788,1.2484267153679955
0.00470558798999166,0.0034152668730861604,1.2527791811032674
0.004717264386989157,0.0034203484716493534,1.2571246625467487
0.004728940783986655,0.0034254088456212037,1.2614629930305077
0.004740617180984153,0.003430447942125631,1.2657940050787788
0.004752293577981652,0.003435465707628334,1.2701175303645216
0.004763969974979149,0.003440462087952307,1.2744333997232224
0.004775646371976647,0.0034454370283348136,1.2787414432029176
0.004787322768974145,0.0034503904733661646,1.2830414900123288
0.004798999165971643,0.003455322366904015,1.2873333684469648
0.00481067556296914,0.0034602326521910583,1.2916169059918958
0.004822351959966639,0.0034651212718293865,1.295891929300617
0.004834028356964137,0.0034699881676922804,1.300158264118795
0.004845704753961635,0.0034748332809120533,1.3044157352738939
0.004857381150959132,0.0034796565520108192,1.3086641667908088
0.00486905754795663,0.0034844579207821916,1.312903381789087
0.004880733944954128,0.003489237326187178,1.3171332023913516
0.0048924103419516266,0.0034939947065640476,1.321353449909388
0.004904086738949124,0.0034987299995212426,1.3255639447508198
0.004915763135946622,0.0035034431417738615,1.3297645062742112
0.00492743953294412,0.0035081340693788906,1.333954952998885
0.004939115929941618,0.0035128027176559275,1.338135102535863
0.004950792326939115,0.0035174490209748353,1.3423047713983827
0.004962468723936614,0.003522072913023632,1.3464637752423994
0.004974145120934112,0.003526674326724197,1.3506119287926452
0.00498582151793161,0.0035312531939888448,1.3547490456238507
0.004997497914929107,0.00353580944605301,1.3588749384614318
0.005009174311926605,0.003540343013315932,1.3629894190393375
0.005020850708924103,0.0035448538251265367,1.3670922979062072
0.0050325271059216015,0.0035493418101787094,1.3711833847852264
0.005044203502919099,0.0035538068961927594,1.3752624882860498
0.005055879899916597,0.00355824900988289,1.3793294158752059
0.005067556296914095,0.0035626680772855085,1.3833839741777234
0.005079232693911593,0.003567064023258085,1.387425968519308
0.00509090909090909,0.0035714367718566536,1.3914552032732683
0.005102585487906589,0.0035757862462450457,1.3954714817791953
0.005114261884904087,0.0035801123683673742,1.3994746060414327
0.0051259382819015846,0.003584415059502344,1.4034643772424804
0.005137614678899082,0.0035886942396620705,1.4074405951882005
0.00514929107589658,0.0035929498279679613,1.4114030586569668
0.005160967472894078,0.0035971817425899783,1.415351565345535
0.0051726438698915765,0.0036013899003866407,1.419285911534334
0.005184320266889074,0.0036055742175213935,1.4232058926644677
0.005195996663886572,0.003609734608694202,1.4271113026207014
0.00520767306088407,0.003613870987836772,1.431001934384022
0.005219349457881568,0.003617983267568655,1.4348775795232576
0.005231025854879065,0.0036220713594162335,1.4387380284019293
0.005242702251876564,0.0036261351738933957,1.4425830702567888
0.005254378648874062,0.003630174620063162,1.4464124927849131
0.0052660550458715595,0.003634189606194475,1.45022608276745
0.005277731442869057,0.003638180038899286,1.45402362525317
0.005289407839866555,0.003642145824055287,1.4578049044370267
0.005301084236864053,0.003646086865802593,1.4615697027073447
0.0053127606338615515,0.0036500030675075323,1.4653178015668356
0.005324437030859049,0.0036538943307865765,1.4690489807024671
0.005336113427856547,0.0036577605563973344,1.4727630188403753
0.005347789824854045,0.0036616016433538906,1.4764596929000675
0.005359466221851543,0.0036654174897252714,1.4801387787638212
0.00537114261884904,0.0036692079918233442,1.4838000504977136
0.005382819015846539,0.003672973044959046,1.4874432810833762
0.005394495412844037,0.003676712542628792,1.491068241634842
0.0054061718098415345,0.0036804263773174022,1.4946747021784321
0.005417848206839032,0.00368411443958868,1.498262430773998
0.00542952460383653,0.0036877766190238624,1.5018311944294842
0.005441201000834028,0.0036914128031446075,1.5053807580562084
0.0054528773978315265,0.0036950228785287242,1.5089108855596154
0.005464553794829024,0.0036986067295674174,1.5124213386294263
0.005476230191826522,0.00370216423969769,1.5159118779483536
0.00548790658882402,0.003705695290129071,1.5193822619487083
0.0054995829858215176,0.0037091997609653973,1.5228322479166037
0.005511259382819015,0.003712677530237866,1.5262615910461805
0.005522935779816514,0.0037161284744519933,1.529670044981296
0.005534612176814012,0.003719552468471042,1.5330573617059458
0.0055462885738115095,0.0037229493850408093,1.5364232910783102
0.005557964970809007,0.0037263190956779283,1.5397675817150056
0.005569641367806505,0.003729661469415037,1.5430899797521442
0.005581317764804003,0.003732976374031713,1.546390230071771
0.0055929941618015015,0.003736263675025106,1.5496680752846714
0.005604670558798999,0.003739523235970864,1.552923256093593
0.005616346955796497,0.0037427549188729765,1.5561555116491896
0.005628023352793995,0.0037459585831224607,1.5593645785150436
0.0056396997497914925,0.0037491340866776333,1.5625501918541145
0.00565137614678899,0.00375228128508958,1.5657120844598125
0.005663052543786489,0.0037554000316579452,1.568849986917001
0.005674728940783987,0.0037584901780826742,1.571963628265021
0.0056864053377814845,0.003761551573280534,1.5750527348137837
0.005698081734778982,0.0037645840641464144,1.5781170309167143
0.00570975813177648,0.0037675874955975398,1.5811562390247245
0.005721434528773978,0.0037705617096797698,1.5841700787900341
0.0057331109257714764,0.0037735065464308726,1.5871582679471365
0.005744787322768974,0.003776421843597894,1.5901205220364742
0.005756463719766472,0.003779307436009498,1.5930565537750707
0.00576814011676397,0.003782163156320523,1.5959660738216945
0.0057798165137614675,0.0037849888347743807,1.598848790546118
0.005791492910758965,0.0037877842985621145,1.6017044093848243
0.005803169307756464,0.003790549372409402,1.6045326334491339
0.005814845704753962,0.003793283878666101,1.6073331636289308
0.0058265221017514595,0.0037959876364397687,1.6101056977168253
0.005838198498748957,0.0037986604620283324,1.6128499308610844
0.005849874895746455,0.00380130216930069,1.6155655559691549
0.005861551292743953,0.0038039125688728395,1.6182522628743954
0.005873227689741451,0.0038064914682118343,1.6209097384541442
0.005884904086738949,0.0038090386718566058,1.6235376668700885
0.005896580483736447,0.0038115539815297395,1.6261357296984493
0.005908256880733945,0.0038140371953683102,1.6287036051503352
0.0059199332777314425,0.0038164881082207564,1.631240968391804
0.00593160967472894,0.0038189065117202672,1.633747491635283
0.005943286071726439,0.003821292194365037,1.6362228442395934
0.005954962468723937,0.0038236449408356205,1.6386666920186468
0.0059666388657214344,0.003825964532235607,1.641078697507179
0.005978315262718932,0.0038282507460520527,1.643458519937346
0.00598999165971643,0.0038305033563283413,1.6458058154376458
0.006001668056713928,0.003832722133182885,1.6481202365513752
0.0060133444537114255,0.003834906842713539,1.650401432156107
0.006025020850708924,0.003837057247057528,1.652649047546436
0.006036697247706422,0.0038391731043008097,1.6548627243607712
0.00604837364470392,0.0038412541685315907,1.6570421006598879
0.0060600500417014175,0.0038433001895978856,1.659186810696747
0.006071726438698915,0.0038453109128360335,1.6612964846557312
0.006083402835696413,0.0038472860791390474,1.6633707487487916
0.006095079232693912,0.0038492254248513025,1.6654092251308328
0.006106755629691409,0.0038511286816597756,1.6674115318123877
0.006118432026688907,0.0038529955765019244,1.6693772825907778
0.006130108423686405,0.0038548258315430814,1.6713060870556515
0.006141784820683903,0.0038566191638161385,1.6731975502397178
0.0061534612176814005,0.0038583752851972966,1.6750512726241888
0.006165137614678899,0.0038600939023075297,1.6768668500673745
0.006176814011676397,0.0038617747163813125,1.678643873700004
0.006188490408673895,0.0038634174231310563,1.6803819298172287
0.0062001668056713925,0.003865021712607053,1.6820805997671822
0.00621184320266889,0.0038665872690528424,1.6837394598360433
0.006223519599666388,0.0038681137707557156,1.6853580811293618
0.006235195996663887,0.003869600889892196,1.6869360294495446
0.006246872393661384,0.003871048292375557,1.6884728651770675
0.006258548790658882,0.003872455637693678,1.6899681431430746
0.00627022518765638,0.0038738225787002755,1.6914214124541198
0.006281901584653878,0.0038751487614654373,1.692832216381651
0.0062935779816513755,0.003876433825095099,1.6942000922204152
0.006305254378648874,0.0038776774015420274,1.695524571139793
0.006316930775646372,0.003878879115410183,1.6968051780301305
0.00632860717264387,0.0038800385837521414,1.698041431343843
0.0063402835696413674,0.0038811554158592713,1.6992328429310484
0.006351959966638865,0.0038822292130444294,1.7003789178695932
0.006363636363636363,0.003883259568416718,1.7014791542890972
0.006375312760633862,0.0038842460666480847,1.7025330431889045
0.006386989157631359,0.0038851882837313296,1.7035400682495934
0.006398665554628857,0.0038860857867274072,1.7044997056359283
0.006410341951626355,0.003886938133468717,1.7054114237557585
0.006422018348623853,0.0038877448723296697,1.706274683094012
0.0064336947456213505,0.003888505541949474,1.7070889359989976
0.006445371142618849,0.0038892196709299663,1.7078536264454967
0.006457047539616347,0.0038898867775329924,1.7085681898010638
0.006468723936613845,0.0038905063693660184,1.7092320525835965
0.006480400333611342,0.0038910779430554377,1.7098446322098269
0.00649207673060884,0.0038916009839069904,1.7104053367343046
0.006503753127606338,0.0038920749655526822,1.7109135645784408
0.006515429524603837,0.0038924993495734698,1.7113687042383643
0.006527105921601334,0.003892873584865648,1.711770133722814
0.006538782318598832,0.003893197107586091,1.712117220617221
0.00655045871559633,0.003893469340746695,1.7124093217773069
0.006562135112593828,0.003893689693682531,1.7126457828930406
0.0065738115095913255,0.0038938575616017847,1.7128259381465172
0.006585487906588824,0.0038939723250281614,1.7129491097610006
0.006597164303586322,0.003894033348858502,1.7130146071438863
0.00660884070058382,0.0038940399827746604,1.7130217274905961
