base_pos_m,x0_m,x1_m,input_force_N
0.0,-2.373840468876094e-14,0.0,-2.168404344971009e-19
1.3344453711426188e-05,1.3344453687687783e-05,0.0,1.0842021724855044e-19
2.6688907422852376e-05,2.668890739911397e-05,0.0,2.168404344971009e-18
4.003336113427856e-05,4.003336111054016e-05,0.0,-1.6263032587282567e-18
5.337781484570475e-05,5.337781482196635e-05,0.0,-1.6263032587282567e-18
6.672226855713094e-05,6.672226853339253e-05,0.0,-1.6263032587282567e-18
8.006672226855713e-05,8.006672224481872e-05,0.0,-1.6263032587282567e-18
9.341117597998332e-05,9.341117595624491e-05,0.0,-1.6263032587282567e-18
0.0001067556296914095,0.0001067556296676711,0.0,-1.6263032587282567e-18
0.0001201000834028357,0.00012010008337909729,0.0,-1.6263032587282567e-18
0.00013344453711426187,0.00013344453709052346,0.0,1.5395670849294163e-17
0.00014678899082568806,0.00014678899080194965,0.0,1.5395670849294163e-17
0.00016013344453711425,0.00016013344451337584,0.0,1.5395670849294163e-17
0.00017347789824854044,0.00017347789822480203,0.0,1.5395670849294163e-17
0.00018682235195996663,0.00018682235193622821,0.0,1.5395670849294163e-17
0.00020016680567139282,0.0002001668056476544,0.0,1.5395670849294163e-17
0.000213511259382819,0.0002135112593590806,0.0,1.5395670849294163e-17
0.0002268557130942452,0.00022685571307050678,0.0,1.5395670849294163e-17
0.0002402001668056714,0.00024020016678193297,0.0,1.5395670849294163e-17
0.0002535446205170976,0.0002535446204933592,0.0,-1.9081958235744878e-17
0.00026688907422852374,0.00026688907420478535,0.0,-1.9081958235744878e-17
0.00028023352793994996,0.00028023352791621157,0.0,-1.9081958235744878e-17
0.0002935779816513761,0.00029357798162763773,0.0,-1.9081958235744878e-17
0.00030692243536280234,0.00030692243533906395,0.0,-1.9081958235744878e-17
0.0003202668890742285,0.0003202668890504901,0.0,-1.9081958235744878e-17
0.0003336113427856547,0.00033361134276191633,0.0,-1.9081958235744878e-17
0.0003469557964970809,0.0003469557964733425,0.0,-1.9081958235744878e-17
0.0003603002502085071,0.0003603002501847687,0.0,-1.9081958235744878e-17
0.00037364470391993326,0.0003736447038961949,0.0,-1.9081958235744878e-17
0.0003869891576313595,0.0003869891576076211,0.0,-1.9081958235744878e-17
0.00040033361134278564,0.00040033361131904725,0.0,-1.9081958235744878e-17
0.00041367806505421186,0.00041367806503047347,0.0,-1.9081958235744878e-17
0.000427022518765638,0.00042702251874189963,0.0,-1.9081958235744878e-17
0.0004403669724770642,0.0004403669724533258,0.0,-1.9081958235744878e-17
0.0004537114261884904,0.000453711426164752,0.0,-1.9081958235744878e-17
0.00046705587989991657,0.0004670558798761782,0.0,-1.9081958235744878e-17
0.0004804003336113428,0.0004804003335876044,0.0,-1.9081958235744878e-17
0.000493744787322769,0.0004937447872990306,0.0,-1.9081958235744878e-17
0.0005070892410341952,0.0005070892410104568,0.0,-1.9081958235744878e-17
0.0005204336947456213,0.0005204336947218829,0.0,-1.9081958235744878e-17
0.0005337781484570475,0.0005337781484333091,0.0,-1.9081958235744878e-17
0.0005471226021684738,0.0005471226021447354,0.0,-1.9081958235744878e-17
0.0005604670558798999,0.0005604670558561615,0.0,-1.9081958235744878e-17
0.0005738115095913261,0.0005738115095675877,0.0,-1.9081958235744878e-17
0.0005871559633027522,0.0005871559632790139,0.0,-1.9081958235744878e-17
0.0006005004170141785,0.0006004599364921195,4.194559700609852e-07,5.1676856209967575e-05
0.0006138448707256047,0.0006127247051672194,1.1604539608834005e-05,0.0014297085760818836
0.0006271893244370308,0.0006249890001469112,2.278867585679168e-05,0.0028078054822003816
0.000640533778148457,0.000637252705715718,3.397163328297915e-05,0.004186114291689687
0.0006538782318598832,0.0006495157062859325,4.515318071198212e-05,0.005564781612780234
0.0006672226855713094,0.0006617778861142483,5.633308665718712e-05,0.006943953838741133
0.0006805671392827356,0.0006740391293659157,6.751111944909589e-05,0.00832377712743741
0.0006939115929941618,0.0006862993202161273,7.868704743809291e-05,0.009704397390128633
0.0007072560467055879,0.0006985583428977701,8.986063908995238e-05,0.011085960267139941
0.0007206005004170142,0.0007108160818895143,0.00010103166336201453,0.012468611138418408
0.0007339449541284404,0.0007230724215872633,0.00011219988904608637,0.013852495006388571
0.0007472894078398665,0.0007353272464404911,0.00012336508504111573,0.015237756493764035
0.0007606338615512927,0.0007475804410247916,0.00013452702049829068,0.016624539825814893
0.000773978315262719,0.0007598318901155635,0.00014568546496840799,0.018012988813178928
0.0007873227689741451,0.0007720814788254558,0.0001568401886767665,0.019403246850898594
0.0008006672226855713,0.0007843290922717774,0.0001679909618579837,0.0207954568005211
0.0008140116763969974,0.0007965746157649041,0.00017913755513281084,0.022189761001938743
0.0008273561301084237,0.0008088179348548845,0.00019027973960134521,0.023586301250318353
0.0008407005838198499,0.0008210589354498694,0.0002014172870798889,0.024985218791425796
0.000854045037531276,0.0008332975038401388,0.0002125499701490015,0.02638665429377356
0.0008673894912427022,0.0008455335264351824,0.00022367756162766276,0.027790747748619764
0.0008807339449541284,0.0008577668899666485,0.00023479983497916868,0.02919763848724962
0.0008940783986655546,0.0008699974815160029,0.00024591656436645135,0.030607465154718027
0.0009074228523769808,0.0008822251887046825,0.00025702752503238416,0.03202036572535454
0.000920767306088407,0.000894449899505986,0.0002681324929235652,0.033436477422771664
0.0009341117597998331,0.0009066715021767466,0.00027923124455366026,0.03485593667006805
0.0009474562135112594,0.0009188898854063335,0.00029032355730140765,0.03627887909584265
0.0009608006672226856,0.0009311049383606967,0.0003014092094987078,0.037705439514148814
0.0009741451209341117,0.0009433165508821401,0.0003124879808301684,0.03913575194528344
0.000987489574645538,0.0009555246131368642,0.0003235596516281904,0.040569949494677286
0.001000834028356964,0.0009677290157467656,0.00033462400313656734,0.04200816435642174
0.0010141784820683903,0.0009799296498645492,0.0003456808176607078,0.0434505278030176
0.0010275229357798166,0.0009921264072884346,0.0003567298787970527,0.044897170186310044
0.0010408673894912427,0.0010043191805016707,0.00036777097151209886,0.04634822091970104
0.001054211843202669,0.0010165078623714378,0.0003788038815402067,0.04780380837100852
0.001067556296914095,0.001028692346361249,0.00038982839580840303,0.04926405989017635
0.0010809007506255212,0.0010408725265650788,0.00040084430250463633,0.0507291017911984
0.0010942452043369475,0.0010530482979271359,0.00041185139151732407,0.05219905938439352
0.0011075896580483736,0.0010652195559225292,0.00042284945379668506,0.05367405686573434
0.0011209341117597998,0.001077386196604546,0.0004338382814492922,0.05515421730344315
0.001134278565471226,0.0010895481167138672,0.00044481766795650843,0.05663966264214388
0.0011476230191826522,0.0011017052137936732,0.0004557874084046942,0.05813051370985727
0.0011609674728940784,0.0011138573862332533,0.00046674729957242806,0.05962689020679085
0.0011743119266055045,0.0011260045329402372,0.0004776971392749697,0.06112891059287251
0.0011876563803169308,0.0011381465535612266,0.0004886367268055225,0.06263669212476781
0.001201000834028357,0.0011502833485300937,0.0004995658630318302,0.0641503508472494
0.001214345287739783,0.0011624148192849364,0.00051048435083009,0.06567000163254383
0.0012276897414512094,0.0011745408678665696,0.00052139199428193,0.06719575804858254
0.0012410341951626354,0.001186661397052917,0.0005322885989431984,0.06872773237548861
0.0012543786488740617,0.0011987763104370388,0.000543173972000016,0.07026603560772451
0.001267723102585488,0.001210885512641892,0.0005540479226982959,0.07181077749640129
0.001281067556296914,0.0012229889090760347,0.0005649102618551555,0.07336206646262666
0.0012944120100083403,0.0012350864058486071,0.0005757608016888742,0.0749200095550724
0.0013077564637197663,0.001247177909928497,0.0005865993561372278,0.07648471247796605
0.0013211009174311926,0.0012592633292919327,0.0005974257411526727,0.07805627961774066
0.0013344453711426189,0.0012713425728884315,0.0006082397746342441,0.07963481401851362
0.001347789824854045,0.0012834155503356,0.000619041275817155,0.08122041727801378
0.0013611342785654712,0.0012954821721466643,0.0006298300657278572,0.08281318959876882
0.0013744787322768975,0.0013075423498436639,0.0006406059674104303,0.0844132298080608
0.0013878231859883235,0.0013195959960320535,0.0006513688060757835,0.08602063536807356
0.0014011676396997498,0.0013316430239926412,0.0006621184082855326,0.08763550224200288
0.0014145120934111759,0.0013436833479240455,0.0006728546024369153,0.08925792495360517
0.0014278565471226021,0.0013557168830543509,0.0006835772189860995,0.09088799660998462
0.0014412010008340284,0.0013677435457524003,0.0006942860906707721,0.09252580892608264
0.0014545454545454545,0.001379763253079531,0.0007049810516136078,0.09417145207830553
0.0014678899082568807,0.0013917759230347914,0.0007156619378127023,0.09582501476907707
0.001481234361968307,0.0014037814746839564,0.000726328587399606,0.09748658425839181
0.001494578815679733,0.001415779828249151,0.000736980840818569,0.0991562463850604
0.0015079232693911593,0.0014277709046583446,0.0007476185399255301,0.10083408541871818
0.0015212677231025854,0.0014397546258005404,0.0007582415284984953,0.10252018413178975
0.0015346121768140117,0.001451730914691052,0.0007688496525680925,0.10421462384622145
0.001547956630525438,0.00146369969546198,0.0007794427603985223,0.10591748442643777
0.001561301084236864,0.0014756608929715855,0.0007900207017063073,0.10762884414909678
0.0015746455379482902,0.0014876144330637252,0.0008005833281791604,0.10934877978091702
0.0015879899916597163,0.001499560242805001,0.0008111304939502856,0.11107736665296118
0.0016013344453711426,0.001511498250243907,0.0008216620551166713,0.11281467858032841
0.0016146788990825688,0.0015234283842201501,0.0008321778693577313,0.11456078779605987
0.001628023352793995,0.001535350574593146,0.0008426777963922974,0.11631576502366425
0.0016413678065054212,0.0015472647525252763,0.0008531616985451313,0.11807967957166547
0.0016547122602168474,0.001559170849976892,0.0008636294397369363,0.11985259916463753
0.0016680567139282735,0.0015710687997995095,0.0008740808856707455,0.12163458997266666
0.0016814011676396998,0.0015829585359449952,0.0008845159042502905,0.12342571668252285
0.0016947456213511258,0.0015948399936132874,0.0008949343658754488,0.12522604255093697
0.001708090075062552,0.001606713108698295,0.0009053361423340379,0.12703562921551212
0.0017214345287739784,0.0016185778180670958,0.0009157211073602134,0.12885453679126402
0.0017347789824854044,0.001630434059859812,0.0009260891372342195,0.13068282397890768
0.0017481234361968307,0.0016422817731542882,0.0009364401101117458,0.1325205479516899
0.0017614678899082567,0.001654120897818509,0.0009467739057287613,0.13436776430526945
0.001774812343619683,0.0016659513747955452,0.0009570904059714074,0.13622452716213976
0.0017881567973311093,0.0016777731463154314,0.0009673894952997536,0.13809088925415938
0.0018015012510425353,0.00168958615527693,0.000977671059511325,0.13996690170482193
0.0018148457047539616,0.0017013903455239737,0.0009879349862939857,0.14185261413262265
0.0018281901584653879,0.001713185662197703,0.000998181165930018,0.14374807478710044
0.001841534612176814,0.001724972051302039,0.0010084094904272642,0.1456533303967767
0.0018548790658882402,0.0017367494596257388,0.0010186198533632374,0.14756842614510368
0.0018682235195996663,0.0017485178350860385,0.0010288121505724107,0.14949340580542286
0.0018815679733110925,0.001760277126779717,0.0010389862802483414,0.15142831177009
0.0018949124270225188,0.001772027284425433,0.0010491421418283475,0.1533731848469685
0.0019082568807339449,0.001783768258745309,0.0010592796367566732,0.15532806441098174
0.0019216013344453711,0.001795500001771521,0.0010693986690976712,0.15729298853295787
0.0019349457881567972,0.0018072224661623494,0.0010794991441679016,0.15926799372520736
0.0019482902418682235,0.0018189356054554517,0.00108958096904268,0.16125311504676754
0.0019616346955796497,0.0018306393744943145,0.0010996440534089794,0.1632483862820784
0.001974979149291076,0.0018423337288584216,0.001109688308425767,0.1652538397279495
0.001988323603002502,0.0018540186248849678,0.0011197136467674337,0.16726950621017111
0.002001668056713928,0.0018656940201429832,0.0011297199835720384,0.16929541528466907
0.0020150125104253544,0.0018773598730871908,0.0011397072357490273,0.1713315951114546
0.0020283569641367807,0.0018890161428142841,0.0011496753214917878,0.1733780723653184
0.002041701417848207,0.0019006627895703605,0.0011596241612925142,0.17543487245435468
0.002055045871559633,0.0019122997746092276,0.0011695536776588221,0.17750201947639724
0.002068390325271059,0.0019239270597329462,0.0011794637941948333,0.17957953603972232
0.0020817347789824853,0.001935544607838301,0.0011893544366941165,0.18166744350223132
0.0020950792326939116,0.0019471523828832812,0.0011992255330726509,0.18376576197314676
0.002108423686405338,0.0019587503493175167,0.0012090770122296958,0.1858745100842337
0.002121768140116764,0.001970338472653562,0.00121890880519036,0.18799370524471112
0.00213511259382819,0.0019819167194667477,0.0012287208451053056,0.19012336365779545
0.0021484570475396162,0.001993485056786439,0.001238513066033262,0.19226350007068074
0.0021618015012510425,0.002005043452701826,0.0012482854041526096,0.19441412805019712
0.0021751459549624688,0.002016591876318624,0.0012580377976747794,0.19657525998113928
0.002188490408673895,0.002028130297173031,0.0012677701856721665,0.1987469068211131
0.002201834862385321,0.00203965868589274,0.0012774825094001593,0.20092907840715318
0.002215179316096747,0.00205117701401768,0.0012871747119386128,0.20312178339337325
0.0022285237698081734,0.0020626852535189327,0.0012968467372296917,0.20532502904763691
0.0022418682235195997,0.002074183377528386,0.001306498531537173,0.20753882159674564
0.002255212677231026,0.0020856713599080963,0.0013161300425851663,0.2097631660479058
0.002268557130942452,0.0020971491750107173,0.0013257412190789827,0.21199806609150287
0.002281901584653878,0.002108616798407054,0.0013353320121602297,0.21424352445391906
0.0022952460383653043,0.0021200742061842307,0.0013449023740031573,0.2164995425883816
0.0023085904920767306,0.0021315213750382435,0.001354452257999756,0.2187661207309227
0.002321934945788157,0.002142958282873609,0.0013639816199590615,0.22104325820150428
0.002335279399499583,0.0021543849079256297,0.0013734904163516762,0.22333095300378167
0.002348623853211009,0.00216580122921337,0.0013829786052157302,0.22562920205479287
0.0023619683069224353,0.002177207226827151,0.0013924461467318668,0.22793800134273437
0.0023753127606338615,0.0021886028810927526,0.0014018930015516436,0.23025734553724236
0.002388657214345288,0.002199988173356704,0.0014113191323681202,0.23258722838738166
0.002402001668056714,0.002211363085696052,0.0014207245033353894,0.2349276425983903
0.00241534612176814,0.0022227276005297803,0.0014301090792914206,0.23727857965342397
0.002428690575479566,0.0022340817014561078,0.0014394728274326495,0.23964003024801891
0.0024420350291909925,0.002245425372389754,0.001448815715588516,0.24201198387558226
0.0024553794829024187,0.002256758597905985,0.0014581377129095508,0.2443944290144793
0.002468723936613845,0.002268081363607901,0.001467438790601957,0.24678735333426238
0.002482068390325271,0.002279393655239048,0.0014767189201528256,0.24919074325758112
0.002495412844036697,0.0022906954595875526,0.0014859780751384079,0.25160458444121026
0.0025087572977481234,0.0023019867639491698,0.0014952162301502161,0.25402886151702786
0.0025221017514595497,0.0023132675560221592,0.0015044333605847683,0.256463558050943
0.002535446205170976,0.0023245378246029586,0.0015136294440349413,0.2589086569269963
0.0025487906588824018,0.0023357975585888424,0.0015228044582952834,0.26136413983697326
0.002562135112593828,0.002347046747781296,0.001531958382968764,0.26382998772258487
0.0025754795663052543,0.0023582853825773026,0.0015410911988493511,0.2663061806296336
0.0025888240200166806,0.0023695134536474917,0.0015502028872783032,0.26879269754863566
0.002602168473728107,0.0023807309527457965,0.0015592934317634863,0.27128951687229375
0.0026155129274395327,0.0023919378716772727,0.0015683628159150126,0.2737966158487295
0.002628857381150959,0.002403134203140463,0.001577411025129967,0.27631397105923267
0.0026422018348623852,0.002414319940325519,0.0015864380457886532,0.278841558215108
0.0026555462885738115,0.0024254950767215893,0.0015954438648693675,0.2813793520643438
0.0026688907422852378,0.002436659606822645,0.001604428471360052,0.2839273268054098
0.002682235195996664,0.0024478135251013154,0.0016133918542059666,0.28648545552467475
0.00269557964970809,0.002458956827020652,0.0016223340043332144,0.2890537107859837
0.002708924103419516,0.002470089508268486,0.001631254913117456,0.2916320642116524
0.0027222685571309424,0.002481211565034276,0.00164015457293761,0.29422048665517764
0.0027356130108423687,0.0024923229942793016,0.001649032977716235,0.2968189483761491
0.002748957464553795,0.002503423792984709,0.0016578901214156234,0.2994274186172567
0.002762301918265221,0.0025145139591576937,0.0016667260000501666,0.302045866210067
0.002775646371976647,0.0025255934907468464,0.0016755406095170454,0.30467425895230366
0.0027889908256880733,0.002536662386571225,0.0016843339474543761,0.3073125641732903
0.0028023352793994996,0.0025477206456869404,0.0016931060119743813,0.3099607483737727
0.002815679733110926,0.002558768267567361,0.001701856802023796,0.31261877734749477
0.0028290241868223517,0.002569805252389508,0.0017105863179566643,0.31528661637194455
0.002842368640533778,0.0025808316003291033,0.0017192945601244283,0.3179642297940698
0.0028557130942452043,0.0025918473125148716,0.0017279815307845393,0.3206515816299334
0.0028690575479566305,0.0026028523899342504,0.0017366472319118706,0.32334863490683907
0.002882402001668057,0.0026138468345064557,0.0017452916673448547,0.3260553523421862
0.0028957464553794826,0.0026248306481184164,0.0017539148408573502,0.3287716957593525
0.002909090909090909,0.0026358038333478043,0.0017625167576046995,0.3314976265542346
0.002922435362802335,0.002646766393032828,0.0017710974232633214,0.3342331054407621
0.0029357798165137615,0.0026577183303315133,0.0017796568441492654,0.3369780925015314
0.0029491242702251877,0.002668659649009911,0.0017881950277946338,0.3397325473879588
0.002962468723936614,0.002679590352832227,0.0017967119817278395,0.3424964289424594
0.00297581317764804,0.002690510446384512,0.0018052077151209844,0.345269695745315
0.002989157631359466,0.0027014199340837826,0.0018136822368080992,0.3480523054853861
0.0030025020850708924,0.0027123188212425215,0.0018221355574141508,0.350844215669646
0.0030158465387823187,0.0027232071129605706,0.001830567687138823,0.35364538290962305
0.003029190992493745,0.0027340848152020802,0.0018389786379104157,0.35645576364663967
0.0030425354462051708,0.002744951933763187,0.001847368421321203,0.35927531348022657
0.003055879899916597,0.002755808475201419,0.0018557370504862403,0.36210398780252345
0.0030692243536280233,0.0027666544460084224,0.0018640845383888212,0.36494174125653506
0.0030825688073394496,0.002777489853291043,0.0018724108992426367,0.3677885282094398
0.003095913261050876,0.0027883147042236196,0.0018807161473963635,0.3706443023943786
0.0031092577147623017,0.002799129006430328,0.0018890002980983542,0.373509017184474
0.003122602168473728,0.0028099327677449516,0.0018972633670161752,0.3763826254415716
0.0031359466221851542,0.0028207259962885344,0.0019055053703919145,0.3792650795823003
0.0031492910758965805,0.002831508700519488,0.0019137263251423954,0.38215633162652524
0.0031626355296080068,0.002842280889050254,0.001921926248492501,0.38505633308139015
0.0031759799833194326,0.002853042570918649,0.001930105158517865,0.3879650351453193
0.003189324437030859,0.002863793755225299,0.0019382630734197392,0.3908823884637868
0.003202668890742285,0.0028745344515460057,0.0019464000123497259,0.39380834343532495
0.0032160133444537114,0.002885264669463059,0.001954515994472407,0.3967428498884425
0.0032293577981651377,0.0028959844190531154,0.0019626110399410934,0.39968585744479485
0.0032427022518765635,0.002906693710371279,0.001970685168865994,0.4026373151581113
0.00325604670558799,0.002917392553960509,0.0019787384023330283,0.40559717189651595
0.003269391159299416,0.002928080960339256,0.001986770761379096,0.4085653759798099
0.0032827356130108423,0.0029387589404831407,0.001994782267955439,0.4115418755450898
0.0032960800667222686,0.002949426505365461,0.0020027729440086537,0.41452661821889225
0.003309424520433695,0.002960083666360198,0.002010742812286701,0.4175195514278027
0.0033227689741451207,0.0029707304348895124,0.0020186918956339043,0.4205206221467499
0.003336113427856547,0.002981366822689279,0.0020266202175220115,0.4235297771091651
0.0033494578815679733,0.0029919928416284984,0.0020345278016890233,0.4265469626821884
0.0033628023352793995,0.0030026085037676295,0.0020424146722558597,0.42957212492124597
0.003376146788990826,0.0030132138214176134,0.0020502808538444012,0.43260520962654125
0.0033894912427022516,0.0030238088069347675,0.0020581263711672835,0.43564616219565844
0.003402835696413678,0.003034393473055048,0.0020659512496964184,0.4386949278925566
0.003416180150125104,0.0030449678324156446,0.0020737555147061857,0.44175145148643463
0.0034295246038365305,0.0030555318981510806,0.002081539192465631,0.4448156777271283
0.0034428690575479567,0.003066085683173706,0.002089302308799455,0.4478875507911287
0.0034562135112593826,0.0030766292009813487,0.002097044890703315,0.45096701492794644
0.003469557964970809,0.0030871624647661987,0.0021047669645615887,0.4540540137644529
0.003482902418682235,0.003097685488344235,0.0021124685580062347,0.4571484910541448
0.0034962468723936614,0.003108198285203577,0.002120149698013492,0.46025038992593986
0.0035095913261050877,0.00311870086942228,0.0021278104127394728,0.4633596536310006
0.0035229357798165135,0.00312919325481289,0.0021354507298092674,0.4664762248617002
0.0035362802335279398,0.0031396754556475954,0.002143070677767251,0.4696000463487798
0.003549624687239366,0.0031501474861051707,0.0021506702849709756,0.4727310604203848
0.0035629691409507923,0.0031606093605800424,0.0021582495802092926,0.47586920926317
0.0035763135946622186,0.0031710610936467034,0.002165808592631188,0.4790144349034352
0.003589658048373645,0.0031815026997916965,0.0021733473512097483,0.4821666789924955
0.0036030025020850707,0.003191934193934119,0.0021808658857831674,0.48532588324968745
0.003616346955796497,0.003202355590704163,0.00218836422561183,0.48849198886678497
0.0036296914095079232,0.003212766905273257,0.002195842401038591,0.49166493721445487
0.0036430358632193495,0.003223168152487787,0.0022033004417562245,0.4948446691191182
0.0036563803169307758,0.003233559347661721,0.0022107383783926664,0.49803112554317425
0.0036697247706422016,0.003243940505947466,0.0022181562412527307,0.5012242470577829
0.003683069224353628,0.0032543116426918626,0.0022255540610300975,0.504423974154287
0.003696413678065054,0.003264672773410597,0.00223293186875614,0.5076302472319394
0.0037097581317764804,0.003275023913454964,0.002240289695133448,0.5108430063156556
0.0037231025854879067,0.0032853650786185407,0.002247627571749175,0.5140621915921091
0.0037364470391993325,0.0032956962843666286,0.002254945529533925,0.5172877427438678
0.003749791492910759,0.003306017546621524,0.0022622436003322897,0.5205195996455731
0.003763135946622185,0.003316328881098035,0.0022695218155738854,0.5237577017865346
0.0037764804003336113,0.003326630303699596,0.0022767802070655808,0.5270019886271159
0.0037898248540450376,0.003336921830477978,0.002284018806910919,0.5302523995720719
0.0038031693077564634,0.0033472034772848948,0.0022912376468133258,0.5335088736642262
0.0038165137614678897,0.0033574752603960406,0.0022984367593241917,0.5367713501528404
0.003829858215179316,0.003367737195770532,0.002305616176361748,0.5400397678321468
0.0038432026688907423,0.003377989299711764,0.0023127759305327862,0.5433140656461369
0.0038565471226021685,0.0033882315884679426,0.0023199160543337168,0.5465941823333127
0.0038698915763135944,0.0033984640782343386,0.0023270365801550826,0.5498800564330716
0.0038832360300250206,0.0034086867855211227,0.002334137541017225,0.5531716266317666
0.003896580483736447,0.003418899726528309,0.0023412189693201705,0.5564688311912178
0.003909924937447873,0.0034291029178209432,0.0023482808981940134,0.5597716085805386
0.0039232693911592995,0.0034392963758316302,0.002355323360503961,0.5630798970205385
0.003936613844870726,0.0034494801169964455,0.0023623463891221655,0.5663936346147301
0.003949958298582152,0.00345965415800531,0.0023693500174284685,0.5697127595923999
0.003963302752293578,0.003469818515250337,0.002376334278207096,0.5730372097926896
0.003976647206005004,0.0034799732054563264,0.0023832992049076488,0.576366923267643
0.00398999165971643,0.0034901182452368165,0.0023902448307572027,0.5797018378669067
0.004003336113427856,0.0035002536511547573,0.0023971711888816586,0.5830418912990526
0.0040166805671392825,0.003510379440041188,0.0024040783129430933,0.586387021444808
0.004030025020850709,0.003520495628432213,0.002410966236013718,0.5897371658186783
0.004043369474562135,0.00353060223312284,0.002417834991683545,0.5930922621098744
0.004056713928273561,0.0035406992708918905,0.00242468461351022,0.5964522479220673
0.004070058381984988,0.0035507867583455927,0.0024315151347061976,0.5998170606233953
0.004083402835696414,0.0035608647123926145,0.002438326589088815,0.6031866378185936
0.00409674728940784,0.003570933149704667,0.0024451190100014944,0.6065609168229317
0.004110091743119266,0.0035809920870492618,0.0024518924309792577,0.6099398349946191
0.004123436196830692,0.003591041541325297,0.0024586468858199023,0.6133233297771293
0.004136780650542118,0.0036010815291637245,0.0024653824077853306,0.616711338303928
0.004150125104253544,0.003611112067442394,0.0024720990306312442,0.6201037979185785
0.004163469557964971,0.003621133172989991,0.002478796788015012,0.6235006458834265
0.004176814011676397,0.003631144862465913,0.0024854757132554296,0.6269018192604321
0.004190158465387823,0.0036411471527860043,0.0024921358401841847,0.6303072553482999
0.004203502919099249,0.003651140060680825,0.0024987772022624006,0.633716891237685
0.004216847372810676,0.0036611236028727834,0.002505399832934892,0.6371306639946368
0.004230191826522102,0.0036710977962546884,0.0025120037659872745,0.6405485108498975
0.004243536280233528,0.003681062657470495,0.002518589034707461,0.6439703687700978
0.004256880733944954,0.0036910182032871366,0.0025251556726293197,0.6473961748455255
0.00427022518765638,0.003700964450535895,0.0025317037134154102,0.6508258662352903
0.004283569641367806,0.003710901415802669,0.0025382331902375323,0.6542593798463983
0.0042969140950792324,0.0037208291158530578,0.002544744136626883,0.6576966527824346
0.004310258548790659,0.0037307475674421393,0.0025512365860936195,0.6611376221493084
0.004323603002502085,0.00374065678710721,0.002557710571712335,0.6645822248380447
0.004336947456213511,0.0037505567915783996,0.0025641661269432876,0.6680303979637385
0.0043502919099249375,0.0037604475975268315,0.002570603285128725,0.6714820786028767
0.004363636363636364,0.0037703292214371614,0.0025770220792379586,0.6749372036585108
0.00437698081734779,0.0037802016799787313,0.002583422542609672,0.6783957102621271
0.004390325271059216,0.003790064989735319,0.002589804708411422,0.6818575354875381
0.004403669724770642,0.0037999191671265276,0.002596168609482413,0.6853226162671179
0.004417014178482068,0.0038097642287417523,0.0026025142790014368,0.6887908897579045
0.004430358632193494,0.003819600191076115,0.0026088417499587355,0.6922622930585144
0.0044437030859049206,0.0038294270704679516,0.0026151510550309824,0.695736763141883
0.004457047539616347,0.003839244883411307,0.002621442227206267,0.6992142372017678
0.004470391993327773,0.0038490536463113793,0.002627715299294986,0.7026946523876828
0.004483736447039199,0.0038588533754093076,0.002633970303779416,0.7061779457226985
0.004497080900750626,0.0038686440870900024,0.0026402072734293793,0.7096640544483399
0.004510425354462052,0.003878425797665725,0.002646426240869398,0.7131529157877655
0.004523769808173478,0.0038881985232683807,0.0026526272383632834,0.7166444668262115
0.004537114261884904,0.0038979622801596633,0.0026588102984344227,0.720138644861876
0.00455045871559633,0.00390771708455255,0.0026649754535087696,0.7236353872091218
0.004563803169307756,0.003917462952464743,0.0026711227356217312,0.7271346310336745
0.004577147623019182,0.003927199900018674,0.0026772521770181655,0.7306363136953167
0.004590492076730609,0.003936927943317006,0.0026833638099034037,0.7341403726103273
0.004603836530442035,0.003946647098268037,0.00268945766609404,0.7376467450530284
0.004617180984153461,0.003956357380835471,0.0026955337775174826,0.7411553684440023
0.0046305254378648875,0.003966058806994824,0.002701592176124761,0.7446661803037985
0.004643869891576314,0.003975751392561842,0.002707632893547371,0.7481791180564231
0.00465721434528774,0.003985435153317387,0.002713655961347035,0.7516941191752076
0.004670558798999166,0.003995110105094401,0.0027196614111896352,0.7552111212872279
0.004683903252710592,0.004004776263622365,0.002725649274534138,0.7587300619943074
0.004697247706422018,0.004014433644494042,0.0027316195825660655,0.762250878834631
0.004710592160133444,0.004024082263384611,0.0027375723666357775,0.7657735095427675
0.0047239366138448705,0.00403372213591125,0.00274350765797763,0.769297891887272
0.004737281067556297,0.00404335327751463,0.0027494254874729624,0.7728239635309831
0.004750625521267723,0.004052975703681552,0.0027553258860953805,0.7763516622970237
0.004763969974979149,0.004062589429882405,0.0027612088847856603,0.7798809260974436
0.004777314428690576,0.004072194471458353,0.00276707451422613,0.7834116927997147
0.004790658882402002,0.004081790843671014,0.0027729228049400262,0.7869439002870291
0.004804003336113428,0.004091378561826157,0.002778753787538886,0.7904774866096651
0.0048173477898248536,0.00410095764115733,0.002784567492489806,0.7940123898469015
0.00483069224353628,0.004110528096735402,0.0027903639499345244,0.7975485479977416
0.004844036697247706,0.004120089943668745,0.0027961431900897834,0.8010858992257942
0.004857381150959132,0.004129643197033418,0.0028019052431077036,0.8046243817768408
0.004870725604670559,0.004139187871792282,0.0028076501389140054,0.8081639338809993
0.004884070058381985,0.004148723982808964,0.002813377907235943,0.8117044937703709
0.004897414512093411,0.004158251544981275,0.0028190885778691392,0.8152459998453965
0.0049107589658048375,0.004167770573143916,0.002824782180482996,0.8187883905568621
0.004924103419516264,0.004177281081982439,0.0028304587444486144,0.8223316042996032
0.00493744787322769,0.004186783086168526,0.0028361182991093617,0.8258755795817354
0.004950792326939115,0.004196276600356922,0.0028417608737747284,0.8294202550230162
0.004964136780650542,0.004205761639124952,0.0028473864975993636,0.8329655692806315
0.004977481234361968,0.00421523821690576,0.002852995199449553,0.8365114609655506
0.004990825688073394,0.00422470634814786,0.002858587008222327,0.8400578688447721
0.0050041701417848205,0.004234166047253612,0.0028641619527224036,0.8436047317656258
0.005017514595496247,0.004243617328536289,0.002869720061576332,0.8471519886023509
0.005030859049207673,0.004253060206184044,0.002875261363160415,0.8506995782104635
0.005044203502919099,0.004262494694399364,0.002880785885879629,0.8542474396059938
0.005057547956630526,0.004271920807325626,0.0028862936580207254,0.8577955118733104
0.005070892410341952,0.004281338559011635,0.002891784707681318,0.8613437341203423
0.005084236864053378,0.004290747963394742,0.0028972590627361055,0.8648920454570314
0.0050975813177648035,0.004300149034417595,0.0029027167510703874,0.8684403851474278
0.00511092577147623,0.0043095417859586324,0.0029081578004410353,0.8719886925212079
0.005124270225187656,0.004318926231803823,0.0029135822384199913,0.875536906937591
0.005137614678899082,0.004328302385629214,0.0029189900923593465,0.879084967762739
0.005150959132610509,0.004337670261108378,0.0029243813896062476,0.8826328145113821
0.005164303586321935,0.004347029871849445,0.002929756157376955,0.8861803867656548
0.005177648040033361,0.004356381231375822,0.0029351144227182813,0.8897276241503513
0.005190992493744787,0.004365724353093977,0.002940456212443167,0.8932744662905185
0.005204336947456214,0.004375059250400072,0.00294578155334393,0.8968208529534475
0.00521768140116764,0.004384385936627105,0.00295109047208657,0.9003667239798309
0.005231025854879065,0.004393704425032275,0.0029563829951854853,0.9039120192675965
0.005244370308590492,0.004403014728751664,0.002961659148912837,0.9074566787114535
0.005257714762301918,0.004412316860893783,0.002966918959485647,0.9110006423287689
0.005271059216013344,0.004421610834512175,0.0029721624530110054,0.914543850223925
0.0052844036697247704,0.004430896662588451,0.0029773896554521327,0.9180862425661719
0.005297748123436197,0.004440174357998682,0.0029826005925611674,0.9216277595444159
0.005311092577147623,0.004449443933549543,0.002987795289951463,0.9251683414164353
0.005324437030859049,0.004458705402011257,0.002992973773163465,0.9287079285545262
0.0053377814845704755,0.0044679587760813036,0.002998136067592132,0.932246461396855
0.005351125938281902,0.004477204068376639,0.003003282198471375,0.9357838804372047
0.005364470391993328,0.004486441291405583,0.003008412190817838,0.9393201261864581
0.0053778148457047535,0.004495670457643949,0.003013526069583145,0.9428551392777133
0.00539115929941618,0.0045048915795017335,0.003018623859587288,0.946388860421237
0.005404503753127606,0.004514104669315337,0.0030237055855030677,0.9499212303941595
0.005417848206839032,0.004523309739328044,0.0030287712718170545,0.9534521900135885
0.0054311926605504586,0.004532506801699606,0.0030338209428487544,0.9569816801499983
0.005444537114261885,0.004541695868549079,0.0030388546228362727,0.9605096417874949
0.005457881567973311,0.004550876951921788,0.003043872335870264,0.9640360159782878
0.005471226021684737,0.004560050063788638,0.0030488741058925383,0.9675607438420084
0.005484570475396164,0.004569215216021438,0.0030538599566467127,0.9710837665310703
0.00549791492910759,0.004578372420426298,0.003058829911745005,0.9746050252778532
0.005511259382819015,0.004587521688754903,0.0030637839946907894,0.9781244614111657
0.005524603836530442,0.004596663032684106,0.003068722228837771,0.9816420163277417
0.005537948290241868,0.00460579646381566,0.003073644637389453,0.9851576314920836
0.005551292743953294,0.00461492199365488,0.003078551243356466,0.988671248406059
0.00556463719766472,0.004624039633641333,0.003083442069617946,0.9921828086528163
0.005577981651376147,0.004633149395155518,0.00308831713893489,0.9956922539067667
0.005591326105087573,0.004642251289502569,0.003093176473917564,0.9991995259104922
0.005604670558798999,0.004651345327912173,0.0030980200970253478,1.0027045664747867
0.0056180150125104255,0.004660431521525457,0.0031028480305404877,1.0062073174597195
0.005631359466221852,0.004669509881405823,0.003107660296589795,1.0097077207903191
0.005644703919933278,0.004678580418559647,0.003112456917186017,1.0132057184868515
0.0056580483736447034,0.004687643143917583,0.0031172379141904617,1.01670125263791
0.00567139282735613,0.004696698068334417,0.0031220033093127047,1.020194265400283
0.005684737281067556,0.004705745202585463,0.0031267531241033707,1.02368469899372
0.005698081734778982,0.004714784557356248,0.003131487379933514,1.027172495685713
0.0057114261884904085,0.004723816143273985,0.003136206098057561,1.030657597837844
0.005724770642201835,0.004732839970892524,0.003140909299583215,1.0341399478838424
0.005738115095913261,0.004741856050689494,0.003145597005465727,1.0376194883254048
0.005751459549624687,0.00475086439306625,0.003150269236507813,1.0410961617321568
0.005764804003336114,0.004759865008340286,0.0031549260133444594,1.0445699107303088
0.00577814845704754,0.004768857906750808,0.003159567356454076,1.0480406780108702
0.005791492910758965,0.0047778430984727945,0.0031641932861866244,1.0515084063507119
0.0058048373644703916,0.004786820593604817,0.0031688038227392426,1.0549730385944356
0.005818181818181818,0.004795790402168891,0.0031733989861559646,1.0584345176541292
0.005831526271893244,0.004804752534110451,0.0031779787963276585,1.0618927865092829
0.00584487072560467,0.004813706999291844,0.0031825432729790178,1.0653477881968827
0.005858215179316097,0.00482265380749966,0.003187092435683222,1.0687994658223714
0.005871559633027523,0.0048315929684518075,0.003191626303876093,1.072247762570388
0.005884904086738949,0.004840524491789423,0.003196144896839897,1.0756926216924665
0.0058982485404503755,0.0048494483870768264,0.0032006482337032767,1.0791339865069096
0.005911592994161802,0.004858364663801496,0.003205136333441191,1.082571800398654
0.005924937447873228,0.0048672733313716585,0.0032096092148700887,1.0860060068154576
0.005938281901584653,0.004876174399115624,0.0032140668966465936,1.0894365492667468
0.00595162635529608,0.004885067876291954,0.0032185093972878277,1.0928633713391445
0.005964970809007506,0.004893953772082595,0.003222936735157685,1.0962864166858535
0.005978315262718932,0.0049028320955924794,0.0032273489284660273,1.099705629025918
0.0059916597164303585,0.004911702855849504,0.0032317459952686486,1.1031209521440628
0.006005004170141785,0.004920566061804491,0.0032361279534671977,1.1065323298904959
0.006018348623853211,0.004929421722328363,0.0032404948208035146,1.1099397061763383
0.006031693077564637,0.004938269846217006,0.003244846614869374,1.1133430249810565
0.006045037531276064,0.004947110442191759,0.003249183353107455,1.1167422303531
0.00605838198498749,0.004955943518896776,0.0032535050528060636,1.1201372664056397
0.006071726438698915,0.004964769084899015,0.003257811731099114,1.1235280773163816
0.0060850708924103415,0.004973587148688221,0.003262103404966101,1.1269146073273761
0.006098415346121768,0.004982397718676918,0.003266380091232067,1.1302968007448115
0.006111759799833194,0.004991200803199633,0.003270641806566072,1.1336746019376223
0.00612510425354462,0.004999996410514529,0.0032748885674844376,1.1370479553398616
0.006138448707256047,0.0050087845488038145,0.003279120390351582,1.1404168054512
0.006151793160967473,0.005017565226172367,0.003283337291377261,1.1437810968345403
0.006165137614678899,0.005026338450647717,0.0032875392866165355,1.1471407741157973
0.006178482068390325,0.005035104230180037,0.0032917263919697484,1.1504957819836694
0.006191826522101752,0.005043862572642127,0.003295898623182502,1.1538460651894156
0.006205170975813177,0.0050526134858294505,0.003300055995845725,1.1571915685466967
0.006218515429524603,0.005061356977461026,0.0033041985253974477,1.160532236932789
0.00623185988323603,0.005070093055178769,0.0033083262271215086,1.1638680152873404
0.006245204336947456,0.005078821726546995,0.0033124391161465337,1.1671988486113227
0.006258548790658882,0.005087542999052533,0.003316537207446183,1.1705246819670025
0.0062718932443703084,0.005096256880104715,0.003320620515839122,1.17384546047769
0.006285237698081735,0.005104963377035367,0.0033246890559889995,1.1771611293274864
0.006298582151793161,0.005113662497098794,0.0033287428424044275,1.1804716337610344
0.006311926605504587,0.005122354247471768,0.0033327818894389486,1.1837769190832532
0.0063252710592160135,0.005131038635254773,0.0033368062112935325,1.1870769306611464
0.00633861551292744,0.00513971566747197,0.0033408158220165,1.1903716139235216
0.006351959966638865,0.00514838535106829,0.003344810735497714,1.1936609143559733
0.0063653044203502915,0.005157047692911009,0.0033487909654717264,1.1969447775032134
0.006378648874061718,0.00516570269978974,0.003352756525517763,1.2002231489688062
0.006391993327773144,0.005174350378416426,0.0033567074290597083,1.2034959744149043
0.00640533778148457,0.005182990735425322,0.003360643689366074,1.2067631995619712
0.0064186822351959966,0.005191623777372976,0.003364565319549957,1.2100247701884925
0.006432026688907423,0.00520024951073821,0.003368472332568998,1.2132806321306824
0.006445371142618849,0.005208867941922606,0.0033723647412263625,1.2165307312830527
0.006458715596330275,0.00521747907725309,0.003376242558175905,1.219775013602485
0.006472060050041702,0.005226082922976352,0.0033801057959110038,1.2230134250986497
0.006485404503753127,0.005234679485260624,0.0033839544667681213,1.2262459118367088
0.006498748957464553,0.0052432687701962685,0.003387788582927984,1.2294724199380305
0.00651209341117598,0.005251850783795753,0.0033916081564155267,1.2326928955798806
0.006525437864887406,0.00526042553199362,0.003395413199099834,1.2359072849951176
0.006538782318598832,0.005268993020646467,0.0033992037226941003,1.2391155344718878
0.006552126772310258,0.005277553255532917,0.0034029797387555745,1.2423175903533197
0.006565471226021685,0.0052861062423535865,0.0034067412586854884,1.2455133990371978
0.006578815679733111,0.005294651986731064,0.0034104882937290183,1.2487029069756665
0.006592160133444537,0.005303190494210888,0.0034142208549772387,1.2518860606766335
0.0066055045871559635,0.00531172177026332,0.003417938953370678,1.2550628067065666
0.00661884904086739,0.00532024582027728,0.0034216425996871696,1.2582330916798614
0.006632193494578815,0.0053287626495631514,0.003425331804547488,1.2613968622633684
0.0066455379482902414,0.00533727226335309,0.003429006578415939,1.2645540651766312
0.006658882402001668,0.005345774666800981,0.003432666931600294,1.2677046471915645
0.006672226855713094,0.005354269864982397,0.0034363128742517014,1.2708485551321225
0.00668557130942452,0.005362757862894566,0.003439944416364612,1.2739857358739637
0.0066989157631359465,0.0053712386654563215,0.0034435615677766967,1.277116136344129
0.006712260216847373,0.005379712277508066,0.0034471643381687594,1.2802397035206994
0.006725604670558799,0.005388178703811718,0.003450752737064637,1.2833563844324531
0.006738949124270225,0.0053966379490506715,0.003454326773831118,1.286466126158539
0.006752293577981652,0.005405090017829743,0.003457886457677835,1.2895688758281239
0.006765638031693077,0.005413534914675526,0.003461431797657974,1.292664580620759
0.006778982485404503,0.005421972644038882,0.0034649628026732606,1.2957531877704993
0.0067923269391159296,0.005430403210289395,0.0034684794814628605,1.2988346445559587
0.006805671392827356,0.005438826617717095,0.003471981842606835,1.3019088983030604
0.006819015846538782,0.00544724287053315,0.0034754698945275173,1.304975896385984
0.006832360300250208,0.005455651972869797,0.003478943645489385,1.3080355862268098
0.006845704753961635,0.005464053928780295,0.0034824031035989547,1.3110879152951775
0.006859049207673061,0.00547244874223885,0.0034858482768046375,1.314132831107916
0.006872393661384487,0.005480836417140556,0.0034892791728966246,1.3171702812287014
0.0068857381150959135,0.005489216957301333,0.0034926957995067517,1.3202002132676958
0.00689908256880734,0.005497590366457846,0.003496098164108352,1.3232225748811828
0.006912427022518765,0.005505956648267446,0.0034994862740161275,1.3262373137712142
0.006925771476230191,0.0055143158063080955,0.0035028601363859997,1.3292443776852487
0.006939115929941618,0.005522667844078281,0.0035062197582149458,1.3322437144157735
0.006952460383653044,0.005531012764996955,0.0035095651463408666,1.3352352717999576
0.00696580483736447,0.005539350572403445,0.0035128963074424193,1.3382189977192829
0.0069791492910758965,0.005547681269557367,0.003516213248038839,1.341194840099158
0.006992493744787323,0.005556004859638557,0.003519515974489792,1.3441627469085673
0.007005838198498749,0.005564321345746977,0.003522804492995204,1.3471226661597013
0.007019182652210175,0.005572630730903666,0.003526078809597157,1.3500745459094572
0.007032527105921602,0.005580933018049914,0.003529338930178226,1.3530183342577389
0.007045871559633027,0.005589228210045397,0.003532584860457767,1.3559539793438948
0.007059216013344453,0.005597516309669537,0.0035358166059946206,1.3588814293489442
0.0070725604670558795,0.005605797319621405,0.0035390341721869304,1.3618006324952143
0.007085904920767306,0.005614071242519624,0.003542237564271943,1.3647115370459613
0.007099249374478732,0.005622338080902267,0.0035454267873258004,1.367614091304984
0.007112593828190158,0.005630597837226745,0.003548601846263332,1.3705082436162523
0.007125938281901585,0.005638850513869713,0.0035517627458378415,1.3733939423635173
0.007139282735613011,0.005647096113126943,0.0035549094906408745,1.3762711359699276
0.007152627189324437,0.005655334637213225,0.0035580420851020114,1.3791397728976502
0.007165971643035863,0.005663566088262243,0.0035611605334886233,1.3819998016474808
0.00717931609674729,0.005671790468326466,0.003564264839905643,1.384851170758458
0.007192660550458715,0.005680007779377012,0.0035673550082953092,1.3876938288074636
0.007206005004170141,0.005688218023303538,0.0035704310424369344,1.3905277244088476
0.007219349457881568,0.005696421201914107,0.0035734929459466467,1.3933528062140297
0.007232693911592994,0.005704617316935059,0.0035765407222771253,1.3961690229111048
0.00724603836530442,0.005712806370010883,0.003579574374717346,1.3989763232244536
0.0072593828190158464,0.005720988362704074,0.0035825939063923013,1.401774655914343
0.007272727272727273,0.005729163296494999,0.003585599320262726,1.4045639697765318
0.007286071726438699,0.005737331172781759,0.00358859061912482,1.4073442136418715
0.007299416180150125,0.00574549199288004,0.0035915678056099546,1.4101153363759107
0.0073127606338615515,0.0057536457580229655,0.003594530882184379,1.4128772868784893
0.007326105087572977,0.00576179246936095,0.0035974798511489233,1.415630014083344
0.007339449541284403,0.005769932127961546,0.003600414714638689,1.4183734669577015
0.0073527939949958295,0.0057780647348092806,0.0036033354746227322,1.4211075945018725
0.007366138448707256,0.005786190290805502,0.0036062421329037496,1.4238323457488504
0.007379482902418682,0.005794308796768216,0.0036091346911177502,1.4265476697639021
0.007392827356130108,0.005802420253431916,0.0036120131507337253,1.4292535156441677
0.0074061718098415346,0.00581052466144742,0.0036148775130533067,1.431949832518241
0.007419516263552961,0.0058186220213816905,0.0036177277792104204,1.434636569545765
0.007432860717264387,0.005826712333717663,0.0036205639501709404,1.4373136759170262
0.007446205170975813,0.005834795598854067,0.003623386026732321,1.4399811008525307
0.00745954962468724,0.005842871817105236,0.0036261940095232334,1.4426387936025962
0.007472894078398665,0.005850940988700932,0.0036289878990031985,1.445286703446941
0.007486238532110091,0.005859003113786148,0.003631767695462203,1.4479247796942643
0.007499582985821518,0.005867058192420911,0.0036345333990203048,1.4505529716818226
0.007512927439532944,0.005875106224580098,0.003637285009627252,1.4531712287750245
0.00752627189324437,0.005883147210153226,0.0036400225270620807,1.4557795003670053
0.007539616346955796,0.005891181148944244,0.003642745950932692,1.4583777358781997
0.007552960800667223,0.005899208040671332,0.003645455280675443,1.460965884755921
0.007566305254378649,0.005907227884966692,0.0036481505155547362,1.4635438964739513
0.007579649708090075,0.005915240681376323,0.0036508316546625713,1.4661117205321024
0.0075929941618015015,0.005923246429359805,0.0036534986969181085,1.4686693064557899
0.007606338615512927,0.005931245128290077,0.003656151641067229,1.471216603795613
0.007619683069224353,0.005939236777453214,0.003658790485682075,1.4737535621269204
0.0076330275229357794,0.005947221376048189,0.0036614152291605984,1.4762801310493914
0.007646371976647206,0.00595519892318664,0.0036640258697260746,1.47879626018659
0.007659716430358632,0.005963169417892633,0.003666622405426633,1.4813018991855391
0.007673060884070058,0.005971132859102412,0.0036692048341347657,1.483796997716284
0.0076864053377814845,0.005979089245664161,0.003671773153546838,1.4862815054714607
0.007699749791492911,0.005987038576337751,0.003674327361182592,1.4887553721658655
0.007713094245204337,0.005994980849794476,0.0036768674543846145,1.4912185475360002
0.007726438698915763,0.006002916064616799,0.003679393430317837,1.4936709813396487
0.007739783152627189,0.006010844219298094,0.0036819052859689986,1.4961126233554298
0.007753127606338615,0.006018765312242363,0.003684403018146112,1.4985434233823587
0.007766472060050041,0.006026679341763973,0.003686886623477905,1.5009633312393904
0.0077798165137614676,0.00603458630608738,0.0036893560984132914,1.5033722967649998
0.007793160967472894,0.006042486203346839,0.0036918114392207836,1.505770269816715
0.00780650542118432,0.006050379031586125,0.0036942526419879293,1.5081572002706767
0.007819849874895746,0.006058264788758238,0.00369667970262073,1.5105330380211894
0.007833194328607173,0.00606614347272496,0.0036990926168427485,1.5128977329799773
0.007846538782318599,0.006074015081253002,0.0037014913801874053,1.5152512350687575
0.007859883236030025,0.006081879612019017,0.0037038759880080093,1.517593494229201
0.007873227689741451,0.006089737062609177,0.0037062464354769035,1.5199244604222693
0.007886572143452878,0.006097587430517315,0.003708602717581753,1.5222440836247337
0.007899916597164304,0.006105430713144603,0.0037109448291249023,1.5245523138287165
0.00791326105087573,0.006113266907799229,0.0037132727647227275,1.5268491010412313
0.007926605504587157,0.006121096011696075,0.0037155865188049936,1.5291343952837373
0.007939949958298583,0.006128918021956362,0.0037178860856141418,1.5314081465916325
0.007953294412010007,0.006136732935607331,0.0037201714592046548,1.5336703050138343
0.007966638865721434,0.006144540749581884,0.0037224426334423353,1.5359208206122814
0.00797998331943286,0.006152341460718236,0.0037246996020036116,1.5381596434614693
0.007993327773144286,0.006160135065759556,0.003726942358374827,1.5403867236479836
0.008006672226855712,0.006167921561353615,0.0037291708958515184,1.5426020112700278
0.008020016680567139,0.006175700944052411,0.0037313852075376835,1.544805456436944
0.008033361134278565,0.0061834732103117915,0.0037335852863450186,1.5469970092687297
0.008046705587989991,0.006191238356491091,0.0037357711249921912,1.5491766198955748
0.008060050041701418,0.006198996378852731,0.0037379427160040444,1.551344238457363
0.008073394495412844,0.006206747273561842,0.0037401000517108406,1.553499815103208
0.00808673894912427,0.0062144910366817244,0.0037422431242391794,1.5556432999826686
0.008100083402835696,0.006222227664169243,0.0037443719255027905,1.5577746432368043
0.008113427856547123,0.006229957151893099,0.0037464864472390768,1.559893795035061
0.008126772310258549,0.006237679495623736,0.0037485866809889236,1.5620007055554492
0.008140116763969975,0.006245394691032206,0.003750672618094436,1.5640953249826222
0.008153461217681401,0.006253102733689755,0.0037527442496981087,1.5661776035074038
0.008166805671392828,0.006260803619067389,0.0037548015667419506,1.5682474913262774
0.008180150125104254,0.006268497342535433,0.003756844559966611,1.5703049386408863
0.00819349457881568,0.006276183899363082,0.003758873219910483,1.5723498956575237
0.008206839032527107,0.006283863284717961,0.0037608875369088152,1.5743823125866414
0.008220183486238533,0.006291535493665665,0.0037628875010927974,1.5764021396423378
0.008233527939949957,0.006299200521169286,0.003764873102388615,1.5784093270418373
0.008246872393661384,0.006306858362088959,0.0037668443305165344,1.5804038250049959
0.00826021684737281,0.00631450901117813,0.00376880117498345,1.5823855837472105
0.008273561301084236,0.006322152463066514,0.003770743625048791,1.5843545534452719
0.008286905754795662,0.00632978871229619,0.003772671669796718,1.5863106843109467
0.008300250208507089,0.006337417753308395,0.0037745852981097027,1.5882539265647784
0.008313594662218515,0.006345039580438879,0.0037764844986592416,1.5901842304271854
0.008326939115929941,0.006352654187917386,0.0037783692599048305,1.5921015461179304
0.008340283569641367,0.006360261569867146,0.0037802395700929255,1.5940058238555883
0.008353628023352794,0.0063678617203043394,0.003782095417255885,1.5958970138570112
0.00836697247706422,0.00637545463313756,0.0037839367892108992,1.5977750663367867
0.008380316930775646,0.00638304030216728,0.003785763673558914,1.5996399315067062
0.008393661384487073,0.0063906187210853015,0.003787576057683531,1.6014915595752215
0.008407005838198499,0.006398189883466046,0.0037893739287335935,1.6033299007302284
0.008420350291909925,0.0064057537827478615,0.003791157273585799,1.6051549051013243
0.008433694745621351,0.006413310412286849,0.003792926078952346,1.606966522870511
0.008447039199332778,0.00642085976533156,0.003794680331330343,1.6087647042211928
0.008460383653044204,0.006428401835018933,0.003796420016993662,1.6105493993304931
0.00847372810675563,0.006435936614373681,0.003798145121991732,1.6123205583686817
0.008487072560467056,0.006443464096307699,0.0037998556321483428,1.6140781314986237
0.008500417014178483,0.006450984273619444,0.003801551533060405,1.6158220688752034
0.008513761467889907,0.00645849713899331,0.003803232810096711,1.6175523206447537
0.008527105921601334,0.006466002684998069,0.003804899448394804,1.6192688369425605
0.00854045037531276,0.006473500904047899,0.0038065514327830386,1.6209715678132268
0.008553794829024186,0.006480991788457245,0.0038081887478903036,1.6226604633243518
0.008567139282735612,0.0064884753304442835,0.0038098113781529527,1.6243354735745856
0.008580483736447039,0.006495951522109788,0.0038114193077725374,1.6259965486509025
0.008593828190158465,0.006503420355436458,0.0038130125207144513,1.6276436386280004
0.008607172643869891,0.006510881822288222,0.003814591000706554,1.629276693567701
0.008620517097581317,0.006518335914409557,0.003816154731237797,1.6308956635183622
0.008633861551292744,0.006525782623424765,0.0038177036955567858,1.6325004985142464
0.00864720600500417,0.006533221940815455,0.003819237876626741,1.6340911485296763
0.008660550458715596,0.0065406538579057625,0.0038207572570959285,1.6356675634490754
0.008673894912427023,0.006548078365948206,0.0038222618194693903,1.63722969324599
0.008687239366138449,0.006555495456074826,0.003823751546011205,1.6387774878827899
0.008700583819849875,0.0065629051192937155,0.003825226418737555,1.6403108973044296
0.008713928273561301,0.006570307346488244,0.003826686419415188,1.6418298714378021
0.008727272727272728,0.0065777021284163005,0.0038281315295598723,1.6433343601911166
0.008740617180984154,0.006585089455709407,0.00382956173043466,1.64482431345308
0.00875396163469558,0.00659246931881808,0.0038309770029405794,1.646299680979935
0.008767306088407006,0.006599841708069147,0.003832377327731286,1.6477604125157652
0.008780650542118433,0.006607206613705521,0.003833762685292609,1.6492064578766463
0.008793994995829857,0.006614564025840457,0.0038351330558510565,1.6506377668564312
0.008807339449541284,0.006621913934456702,0.0038364884193721215,1.652054289226075
0.00882068390325271,0.006629256329405647,0.0038378287555585824,1.653455974732973
0.008834028356964136,0.006636591200406446,0.0038391540438487562,1.6548427731002713
0.008847372810675562,0.006643918536993934,0.003840464263312305,1.6562146339188937
0.008860717264386989,0.006651238328546684,0.0038417593927063797,1.657571506707243
0.008874061718098415,0.006658550564375688,0.003843039410652961,1.658913341098229
0.008887406171809841,0.006665855233656386,0.003844304295502932,1.6602400866982958
0.008900750625521267,0.00667315232542734,0.003845554025333413,1.6615516930858685
0.008914095079232694,0.006680441828589282,0.003846788577945868,1.6628481098106356
0.00892743953294412,0.00668772373189915,0.0038480079308541824,1.6641292863823025
0.008940783986655546,0.006694998023878082,0.0038492120611006175,1.66539517207834
0.008954128440366972,0.006702264692962998,0.003850400945559023,1.6666457162637927
0.008967472894078399,0.006709523727487053,0.003851574560895707,1.6678808683517816
0.008980817347789825,0.0067167751156405235,0.003852732883491222,1.6691005777227206
0.008994161801501251,0.006724018845469765,0.0038538758894382788,1.6703047937235296
0.009007506255212678,0.0067312549048761895,0.0038550035545397016,1.6714934656669063
0.009020850708924104,0.0067384832815305,0.0038561158541368977,1.6726665426518381
0.00903419516263553,0.0067457039629520285,0.003857212763268526,1.6738239737320915
0.009047539616346956,0.006752916936593607,0.003858294256840256,1.6749657080969769
0.009060884070058383,0.006760122189758653,0.0038593603094589234,1.6760916948980997
0.009074228523769807,0.006767319709600061,0.003860410895430313,1.6772018832485778
0.009087572977481233,0.006774509483118594,0.0038614459887559532,1.6782962222212368
0.00910091743119266,0.00678169149705262,0.0038624655629125797,1.6793746606168993
0.009114261884904086,0.006788865738006634,0.0038634695911091807,1.6804371472375663
0.009127606338615512,0.006796032192511759,0.0038644580464080053,1.6814836310163377
0.009140950792326939,0.006803190846942613,0.003865430901558288,1.6825140608433553
0.009154295246038365,0.0068103416875160815,0.0038663881289937984,1.6835283855649277
0.009167639699749791,0.006817484700270255,0.0038673297007907207,1.6845265539406296
0.009180984153461217,0.006824619870936121,0.003868255588411024,1.6855085143727584
0.009194328607172644,0.006831747185205075,0.0038691657632375065,1.686474215475314
0.00920767306088407,0.0068388666286415085,0.003870060196398946,1.6874236058907643
0.009221017514595496,0.006845978186645562,0.0038709388586956285,1.6883566342129812
0.009234361968306922,0.006853081844451703,0.0038718017205964838,1.6892732489861062
0.009247706422018349,0.0068601775869950735,0.003872648751971798,1.6901733984223837
0.009261050875729775,0.006867265399050681,0.0038734799223715845,1.6910570306995971
0.009274395329441201,0.006874345265338365,0.0038742952012355268,1.6919240941864397
0.009287739783152628,0.006881417170406727,0.003875094557660828,1.6927745371979852
0.009301084236864054,0.006888481098631705,0.0038758779603993575,1.6936083079947193
0.00931442869057548,0.006895537034112135,0.0038766453776487913,1.6944253545622407
0.009327773144286906,0.006902584960694238,0.0038773967771015727,1.6952256246651773
0.009341117597998333,0.006909624862213663,0.003878132126428992,1.696009066364925
0.009354462051709757,0.006916656722330057,0.0038788513929503576,1.6967756276698327
0.009367806505421183,0.006923680524522787,0.00387955454362439,1.6975252565282783
0.00938115095913261,0.006930696251967583,0.003880241544802556,1.6982579005678582
0.009394495412844036,0.006937703887584323,0.003880912362324609,1.6989735071992527
0.009407839866555462,0.006944703414288317,0.0038815669620211727,1.699672024154746
0.009421184320266889,0.006951694814810055,0.0038822053093532224,1.700353399106349
0.009434528773978315,0.00695867807169013,0.0038828273694019467,1.7010175796574116
0.009447873227689741,0.006965653167079501,0.0038834331064692583,1.7016645129183818
0.009461217681401167,0.006972620082986302,0.0038840224845714355,1.7022941460361818
0.009474562135112594,0.006979578801364151,0.0038845954676157103,1.7029064263856555
0.00948790658882402,0.006986529303971094,0.003885152019118167,1.703501301271009
0.009501251042535446,0.006993471572328231,0.0038856921021210144,1.7040787178399974
0.009514595496246872,0.007000405587510623,0.003886215678774373,1.7046386226392265
0.009527939949958299,0.007007331330610769,0.003886722711263242,1.7051809626079144
0.009541284403669725,0.007014248782572609,0.0038872131614754927,1.7057056847259835
0.009554628857381151,0.007021157924135128,0.003887686990889108,1.7062127358963446
0.009567973311092577,0.007028058735633137,0.0038881441601737025,1.7067020625212057
0.009581317764804004,0.007034951197163281,0.0038885846295225626,1.7071736108600715
0.00959466221851543,0.0070418352888232455,0.0038890083591310597,1.7076273275449916
0.009608006672226856,0.007048710990497795,0.0038894153087687283,1.7080631591256967
0.00962135112593828,0.007055578281767564,0.00388980543759685,1.7084810518772435
0.009634695579649707,0.0070624371417480816,0.0038901787038464514,1.708880951457954
0.009648040033361133,0.00706928754962633,0.0038905350658915254,1.7092628040622455
0.00966138448707256,0.007076129484398316,0.0038908744817240733,1.7096265558617347
0.009674728940783986,0.007082962924795567,0.0038911969088071493,1.7099721528510323
0.009688073394495412,0.007089787848997091,0.0038915023034987646,1.7102995402333778
0.009701417848206838,0.007096604235219739,0.003891790622232642,1.7106086636895959
0.009714762301918265,0.007103412061534017,0.0038920618211497715,1.7108994689868353
0.009728106755629691,0.007110211305752876,0.003892315855876058,1.7111719017437041
0.009741451209341117,0.007117001945097887,0.0038925526808546718,1.7114259067176625
0.009754795663052544,0.007123783956789375,0.003892772250526214,1.711661429074218
0.00976814011676397,0.007130557317933219,0.00389297451910247,1.71187841414817
0.009781484570475396,0.007137322005365096,0.003893159440254797,1.7120768071131303
0.009794829024186822,0.007144077995290894,0.0038933269663949544,1.7122565522136355
0.009808173477898249,0.007150825263926954,0.0038934770499556575,1.712417594142816
0.009821517931609675,0.007157563787372961,0.003893609643136249,1.712559877773612
0.009834862385321101,0.007164293541422051,0.0038937246975230006,1.7126833477553702
0.009848206839032527,0.007171014501201987,0.0038938221633714448,1.7127879477476373
0.009861551292743954,0.007177726641920355,0.0038939019910967493,1.712873622023677
0.00987489574645538,0.007184429938626242,0.003893964130797123,1.7129403149633007
0.009888240200166806,0.0071911243659782825,0.003894008531789725,1.712987970559039
0.00990158465387823,0.0071978098979983375,0.0038940351421184885,1.7130165318921777
